REF_ID,ID,STUDENT_ID,CLASS,YEAR_LEVEL,FIRST_NAME,LAST_NAME,DATE_OF_BIRTH,INDIGENOUS_STATUS,OTHER_LANGUAGE,SEX,ASL_ID,M_OCCUPATION,M_NON_SCHOOL_EDU,M_SCHOOL_EDU,F_OCCUPATION,F_NON_SCHOOL_EDU,F_SCHOOL_EDU,VISA,PLATFORM_STUDENT_IDENTIFIER,M_LANGUAGE,F_LANGUAGE,FFPOS
00e236ab-ad2a-4721-a2ee-11cd0dbad5f6,491169629,18356,9D,9,Evelyn,Lamb,2009-08-08,4,1201,2,21221,3,7,4,4,8,2,,R100000235R,1201,1201,2
01abe4b1-9c61-4245-b88f-44c95e527ed5,853010112,60771,5A,5,Georgia,Allen,2009-05-17,2,1201,2,21215,3,5,1,2,5,4,,R100000098S,1201,1201,2
04ce3f0a-b362-4628-b456-18d4b26f303c,819020519,36591,5B,5,Janet,Williams,2009-03-23,4,5203,2,21213,2,5,4,4,5,4,,R100000042R,1201,9601,1
0748579b-2421-420b-89fd-b81f7d3c5d2d,675659121,32874,3A,3,Joanna,Alvarado,2009-06-11,1,1201,2,21214,1,6,2,4,8,4,,R100000053G,2201,1201,2
08a183fb-f6f8-4313-a1b4-febee590bc9a,556791652,54919,9C,9,Laurene,Pavone,2009-03-07,3,1201,2,21221,3,5,2,1,5,4,,R100000228H,1201,1201,2
08be0e9f-1714-43db-93b8-4e7ee6107d1a,631734365,55504,7F,7,Mildred,Newby,2009-10-05,2,1201,2,21220,2,8,1,3,6,2,,R100000203K,1201,1201,1
096787a7-d6c2-4a23-a3d3-4431175e7dd1,755299767,22309,5B,5,Jacquelin,Winningham,2009-11-02,3,1201,2,21217,4,7,3,3,6,1,,R100000135S,1201,1201,1
098479df-b981-4a03-9aef-baf61bb158f6,674310219,31292,3A,3,Britney,Lachance,2009-10-05,3,1201,2,21215,1,6,4,3,6,2,,R100000096E,1201,1201,1
0a44b716-4037-44d8-819f-678f7e9ab811,396082924,77746,9D,9,Tessie,Dearing,2009-11-04,4,1201,2,21215,2,7,2,1,6,3,,R100000081K,1201,5203,2
0a567027-56bf-4029-9a10-bed1d1ce05d7,203867073,44051,9C,9,Simone,Allen,2009-03-21,3,1201,2,21221,4,7,4,1,8,4,,R100000233H,1201,1201,1
0ab9ef4b-e421-41c6-a6c2-92b4ecda1fcd,885381996,76631,9F,9,Jeanette,Costello,2009-05-19,4,1201,2,21215,4,8,3,3,7,1,,R100000088P,1201,1201,1
0b410b86-fe58-44c0-bbe7-3fe256ac0a9a,271624309,26221,5F,5,Teodoro,Upham,2009-06-13,4,1201,1,21221,3,6,2,4,6,3,,R100000231M,1201,1201,1
0c308e94-8c06-44bb-947d-d9aaba555237,634017946,28759,9C,9,Agustin,Long,2009-10-27,1,1201,1,21220,1,6,2,1,6,2,,R100000222K,7100,1201,2
0da407a9-7dc2-493a-a6d6-baf4c928dc7e,680948416,86216,5B,5,Valentina,Soto,2009-08-06,4,1201,2,21214,3,5,1,1,8,2,,R100000051A,1201,1201,1
0ee65949-28fa-46b0-bdd1-a20ce39dda68,396107093,63218,3E,3,June,Woodside,2009-09-10,2,7100,2,21212,4,8,2,3,6,3,,R100000021D,1201,1201,2
0f7ae9a6-4126-4a02-a6b7-a2ac671931a8,900848255,99300,9A,9,Jeffrey,Odum,2009-04-04,2,1201,1,21221,2,6,3,4,8,3,,R100000226M,2201,1201,2
0fa9119d-fa06-4803-8083-fa09d562a31e,266211914,47789,5A,5,Herbert,Wood,2009-08-14,2,1201,1,21217,2,6,3,2,8,2,,R100000128G,1201,9601,2
12271ad7-ba27-429d-bc7e-a4000d5bdbb8,574013097,4269,9D,9,Guillermina,Bean,2009-02-15,3,1201,2,21218,3,7,4,4,5,2,,R100000166G,1201,2201,1
124d00d0-7003-4ad0-abfe-5e1c89420b5a,439970865,33203,3D,3,Trevor,Duncan,2009-11-08,3,1201,1,21215,4,7,1,3,7,1,,R100000086G,1201,9601,1
141712cc-d278-4a47-8ee1-851cd9abb29b,802538749,89935,5C,5,Nakia,Cosby,2009-03-13,1,1201,2,21217,3,7,1,4,5,1,,R100000142K,1201,7100,1
14b62d37-bf02-4c4f-9bb3-87a525d784be,133061145,97059,9A,9,Chrystal,Pierce,2009-09-21,4,1201,2,21218,4,8,3,3,6,1,,R100000150A,1201,1201,2
1582ecfe-0f88-45da-b7b5-a8f0768d8190,335776714,36718,3D,3,Byron,Hall,2009-09-20,4,1201,1,21217,4,5,4,3,7,4,,R100000129H,1201,1201,1
1636ac6e-6fab-4c12-90f0-71ce8f85033a,888211114,91983,9B,9,Russell,Riley,2009-09-08,4,1201,1,21216,2,6,3,3,5,4,,R100000121S,9601,5203,1
169a3b3b-a792-431a-9137-d98f5d4d4a25,211703575,8319,7E,7,Columbus,May,2009-09-23,3,1201,1,21220,3,5,1,3,8,2,,R100000206A,1201,1201,1
18065a34-dc1f-4770-9ddd-c332b00445ee,425987780,72495,7C,7,Genevie,Carlton,2009-04-15,1,1201,2,21217,3,7,1,1,7,4,,R100000140S,1201,1201,2
1972aff7-906f-4d17-b83b-1ddd535f4490,619018444,62376,9D,9,Leslie,Smith,2009-02-23,3,1201,1,21219,1,8,4,1,5,2,,R100000193A,2201,1201,2
1c275133-507e-4126-9405-d25472848f43,627653130,97270,7E,7,Ernesto,Morgan,2009-08-27,3,1201,1,21220,3,8,1,3,5,2,,R100000207M,1201,1201,1
1c99724f-e184-4773-b1ec-0e82de2613f9,450912812,53893,7A,7,Peter,Fugate,2009-10-27,1,1201,1,21216,1,8,1,1,8,4,,R100000111P,1201,1201,2
1cac055b-ed62-441e-8fe5-b09665fc35b0,6933898,2987,7E,7,Willian,Jaramillo,2009-07-13,4,1201,1,21219,3,8,2,4,8,4,,R100000198R,1201,1201,2
1d829fb0-b10d-4d46-a103-01ce2bef2571,382707688,90646,5E,5,Aurora,Fulton,2009-08-04,2,7100,2,21213,1,5,2,4,7,1,,R100000035D,1201,1201,2
1f3b3db4-33ba-4a12-8931-f3c8c760b34b,990752961,20812,5B,5,Judi,Dansby,2009-12-25,3,1201,2,21212,4,5,2,1,6,1,,R100000018R,1201,7100,2
1fa35b2a-2b90-4f9a-af29-27a206cc834f,282643161,50221,3F,3,Audrey,Poch,2009-11-26,2,1201,2,21216,4,6,2,4,8,3,,R100000106P,5203,1201,1
1fdfd90c-fc94-4a10-bf3b-12078aae76bb,451351971,2132,5E,5,Anita,Ryans,2009-09-21,2,9601,2,21221,4,6,1,3,5,3,,R100000234P,1201,1201,1
20b5367c-5523-4c0b-ac66-1448fc9f35f3,383655377,47694,5D,5,Juana,Stout,2009-10-24,3,1201,2,21212,3,6,1,4,5,1,,R100000011H,1201,1201,1
2177c750-9d80-4a42-9e73-f2dfd40d253d,192512270,74449,5B,5,Christoper,Stokely,2009-06-18,2,1201,1,21216,2,8,4,3,8,2,,R100000115D,1201,1201,2
218fc8e1-2cf3-418e-9b4e-c9fc9f5c72aa,444721933,6150,7B,7,Barry,Manders,2009-07-06,1,1201,1,21219,3,7,1,1,7,4,,R100000185G,1201,1201,2
22682405-06c9-454a-b4a8-e636810f68f3,641342585,26125,7F,7,Lydia,Thompson,2009-05-10,1,7100,2,21217,1,8,4,1,7,3,,R100000146M,1201,1201,1
22ccee72-09b7-447e-9a14-b225a241020e,943780521,93938,9B,9,Barry,Lewis,2009-06-23,3,1201,1,21218,1,7,4,2,8,3,,R100000157E,1201,1201,1
22e1bc48-b1aa-42ce-8256-f0c2b7b14f27,434117401,64104,9F,9,Rory,Santoyo,2009-03-09,3,1201,1,21219,3,8,3,2,5,2,,R100000192P,1201,1201,2
23b16db9-2dba-4ca1-bafd-41bcb1665612,822404131,47525,5C,5,Stevie,Ussery,2009-12-21,2,1201,1,21215,3,7,2,4,6,1,,R100000080R,1201,1201,1
24117407-2040-4948-9941-932bc9090fdb,327855067,25110,9C,9,Angela,Diaz,2009-04-15,1,1201,2,21220,3,8,1,3,8,4,,R100000217K,1201,1201,2
24b52387-6643-4bba-bb55-22f2479d8ac3,685311639,71341,5F,5,Erica,Fulton,2009-06-16,1,1201,2,21221,3,6,1,4,7,3,,R100000240R,1201,1201,1
2672286a-ffdd-4dfe-8099-e1977fe3ed2b,340433409,82404,3B,3,Jessie,Carlton,2009-06-26,3,5203,1,21215,2,8,2,1,7,1,,R100000087H,1201,1201,2
26bd7a92-9fb2-4a1c-9573-1fad9853c016,402173859,79336,3F,3,Caitlin,Beam,2009-01-03,4,1201,2,21217,3,6,2,3,8,1,,R100000125P,1201,1201,2
28d29e16-74ea-44c1-af12-0520ff042e3e,10837212,2791,9E,9,Lynn,Gallagher,2009-11-08,3,1201,1,21216,3,8,3,2,6,4,,R100000109G,1201,1201,1
29929f00-2458-4d8e-b709-7afe64fe8649,430438093,56524,3B,3,Dorie,Tibbitts,2009-10-06,1,1201,2,21221,2,8,3,2,7,2,,R100000227G,1201,5203,1
2ad957b1-1837-4ccb-9ca1-5670612cdd2f,61184023,82149,5F,5,Judith,Spangler,2009-12-03,4,1201,2,21212,4,5,4,1,7,2,,R100000019K,1201,1201,2
2bae4879-6f55-49b0-a6ae-05ddf0723d8e,564353838,71515,9E,9,Dot,Goering,2009-12-20,2,1201,2,21218,4,6,4,1,7,3,,R100000171G,1201,1201,1
2d48087d-de5f-4679-b688-c5a18ba2bd9a,477249064,97909,7B,7,Pablo,Darling,2009-09-01,4,1201,1,21216,4,6,3,1,5,4,,R100000105H,7100,1201,2
2dd1c0c2-1442-4566-9f70-abf5101b6a2d,788534120,41382,9B,9,Rita,Bingham,2009-07-02,1,1201,2,21219,4,5,4,1,5,1,,R100000199K,9601,1201,2
2e141d16-3307-4190-8154-e4d30e3dd273,417330656,55069,5A,5,Jim,Brown,2009-01-14,4,1201,1,21213,3,6,4,1,8,2,,R100000048G,1201,1201,1
2f2769f4-3bfd-4825-ba02-9d9ad6f3235b,25072537,58801,7F,7,Vera,Johnson,2009-01-03,3,1201,2,21221,2,7,3,4,6,4,,R100000232G,1201,1201,2
300f54ac-f9ea-492e-bd92-b1e26c8d0fc9,496457483,12289,3B,3,Colette,Dodd,2009-08-03,2,1201,2,21217,2,6,2,2,8,2,,R100000148H,1201,1201,2
3080dc15-c75c-4752-adf9-bcce6ebfbbcc,381224207,60363,3E,3,Vanessa,Bubb,2009-09-08,1,2201,2,21217,4,7,3,2,7,3,,R100000147G,1201,1201,2
31dbe040-a77a-40ae-ad33-3785a410a9cc,575358325,35236,7C,7,Ethel,Ellerman,2009-08-10,4,1201,2,21220,4,8,4,3,8,4,,R100000210P,1201,1201,1
325b83c2-8195-469f-bd50-b10e3c38320f,605628993,60641,3B,3,Lloyd,Kirkland,2009-01-09,3,1201,1,21212,1,5,2,1,7,4,,R100000004R,1201,1201,2
32724d61-71b1-48db-8b60-2f35bbb26b91,209737245,85073,3E,3,Miriam,Ventimiglia,2009-01-11,3,1201,2,21214,3,6,2,2,8,3,,R100000069P,1201,5203,2
32fae29b-f3bd-4028-afab-1628d5589b5c,947420789,27525,3D,3,Elvis,Lopez,2009-10-28,3,1201,1,21221,4,6,4,4,8,2,,R100000238D,1201,1201,2
32fce7e1-074b-4883-8b80-26287ef56b47,696159850,40765,9A,9,Chrystal,Pearson,2009-06-12,2,5203,2,21218,2,8,4,2,5,2,,R100000156K,1201,1201,2
3488fc66-d8a5-48a7-9c06-f575c8fe7c63,842856266,89780,3C,3,Trenton,Vickery,2009-08-27,4,1201,1,21212,1,6,3,2,7,2,,R100000024K,1201,1201,2
349395dc-f010-4d66-ac63-9f3181c50420,912369050,99001,3E,3,Sharonda,Sloan,2009-11-26,2,1201,2,21215,1,8,3,1,7,3,,R100000089A,1201,1201,1
3504b82a-f877-481a-bfdc-c85148267e9e,366375982,92372,3D,3,Jesse,Warrick,2009-11-21,2,1201,1,21213,3,7,3,4,7,4,,R100000038K,2201,5203,1
366eac44-6a9c-484f-8452-3738170b7e1d,766731912,84578,3D,3,Kellie,Sherman,2009-07-22,2,1201,2,21214,1,5,2,2,7,4,,R100000071M,2201,1201,2
37def16e-1a38-4efc-8c82-5735749d4c52,192409105,69612,7A,7,Lucas,Huggins,2009-10-27,4,1201,1,21216,4,5,1,1,6,3,,R100000114G,1201,2201,1
38274149-41c7-44b0-b4b0-12e95077448b,491481562,58751,9A,9,Everett,Miguel,2009-06-14,3,1201,1,21216,1,5,2,4,6,1,,R100000107A,1201,1201,2
39a5b736-1b68-4f2f-bfd1-5cc9ce36ec5a,478468366,27262,5A,5,Pierre,Brawley,2009-02-28,2,1201,1,21214,2,8,4,2,5,4,,R100000057K,1201,1201,1
3b29cd65-0641-4526-85b5-936b5eff89a8,996421153,14671,3B,3,Mattie,Taylor,2009-02-25,3,1201,2,21213,4,7,2,1,5,1,,R100000034G,1201,1201,2
3cd613c6-fe48-4f77-956c-f8824531cb0c,749836672,94141,9E,9,Antone,Hall,2009-01-27,1,1201,1,21216,4,5,3,1,6,1,,R100000108M,1201,1201,1
434a2058-d5a9-4854-a909-2f92356da6b3,756107976,91177,9F,9,Mack,Huggins,2009-07-23,1,9601,1,21219,2,6,2,3,8,1,,R100000179R,1201,1201,1
476c3b86-15c6-4eff-ad87-1e7f9af0b3b9,891208554,20002,7D,7,Darren,Brown,2009-01-11,4,1201,1,21220,1,8,1,3,6,4,,R100000218E,5203,5203,1
477aca40-d995-4ab4-bf6b-3fd99d37fcda,772546884,44919,3B,3,Sara,Gist,2009-09-22,1,1201,2,21213,2,8,2,2,8,1,,R100000047M,1201,1201,2
47f11b02-4b7d-40dc-ba0d-6d2305c0297b,198273077,41888,5D,5,Kristin,Baker,2009-03-05,3,9601,2,21216,2,5,1,3,5,1,,R100000113M,1201,1201,1
48fb4d00-3f65-4f73-9a5c-6bc318e359ba,213211247,32862,7A,7,Jared,Varela,2009-05-20,2,1201,1,21218,3,5,1,1,6,1,,R100000163D,1201,9601,1
4908df20-257b-495c-a10f-b0244f14101b,465705203,21486,9A,9,Marc,Foster,2009-04-02,3,1201,1,21219,1,7,1,1,7,4,,R100000197S,1201,1201,2
4c4aaa12-885a-4a71-bb0f-9013261f6a1b,540268370,44153,3A,3,Salvador,Romano,2009-03-17,4,1201,1,21214,3,6,2,3,6,1,,R100000072G,1201,9601,2
4c70dde4-e659-4c39-ad06-1536d7d23e14,969220439,70256,3B,3,Brock,Smith,2009-04-13,4,1201,1,21217,2,7,2,3,6,3,,R100000132M,9601,9601,2
4d2a7023-a324-455c-949a-06c3a162b13e,222625718,6454,3B,3,Miranda,Bradley,2009-01-16,1,9601,2,21214,3,6,4,1,7,1,,R100000052M,7100,1201,1
4e2847e1-175b-459e-b611-7a2a6030e1c3,933260619,28063,7B,7,Adan,Raap,2009-08-16,2,5203,1,21221,1,8,4,2,8,3,,R100000236K,2201,1201,1
4ec4ac20-ab93-4764-9f3d-ed19e79b8c42,402023619,83272,3F,3,Pattie,Davis,2009-06-22,2,1201,2,21212,3,6,2,4,7,4,,R100000008A,1201,1201,1
4ff1155c-e79c-4143-924f-8ca5bc3bfa51,188250194,91421,5C,5,Carlos,Mcdaniel,2009-01-28,1,5203,1,21215,3,8,4,2,7,2,,R100000094A,1201,1201,2
506af9a0-dadd-481a-9ad2-b0056e6df6a6,774111723,20984,5B,5,Kevin,Lachance,2009-12-22,4,1201,1,21214,1,8,1,1,8,4,,R100000059D,1201,5203,2
507babae-cce5-427f-891e-3eb21feb9521,951895034,66025,7C,7,Kelsey,Rudder,2009-10-19,4,1201,2,21221,4,5,3,2,6,4,,R100000249A,1201,1201,1
507d9bd5-7545-4127-9755-979f435103b2,520369196,98738,7C,7,Angel,Tillman,2009-10-23,3,1201,2,21220,4,6,3,3,5,3,,R100000201S,1201,1201,1
516a2505-074d-4c01-b36f-55e66d3e89f6,937352317,21002,3F,3,Wayne,Holmes,2009-01-02,3,1201,1,21217,1,5,3,3,6,2,,R100000126A,1201,1201,1
51e063d7-fcbc-4921-8f09-6a1ab72ca46b,954748572,2084,5B,5,Annabelle,Smith,2009-07-13,2,2201,2,21217,2,6,3,3,5,4,,R100000144D,7100,2201,1
52c1277e-04f8-4998-9915-a9f97aced426,419563912,30864,7E,7,Susana,Hatchett,2009-07-02,2,1201,2,21217,3,7,2,3,8,4,,R100000134H,1201,1201,2
53c7b391-4726-42f8-b728-583ead333251,910440016,7053,5A,5,Gay,Park,2009-02-28,1,1201,2,21217,2,8,3,4,6,1,,R100000133G,1201,1201,2
5468c6e0-88ae-451f-89ee-fe9cf5bfcd17,384397284,84735,5B,5,Belinda,Mitten,2009-09-25,4,7100,2,21214,2,7,2,4,8,1,,R100000064D,1201,2201,1
55c738bb-bcc5-4576-9849-218156f95969,73385408,19987,7C,7,Eduardo,Thompson,2009-09-23,1,1201,1,21216,4,6,2,2,8,2,,R100000117R,1201,1201,2
5ab4c8e3-e2c8-40ce-83ab-9963e1128454,855487884,93785,3E,3,Briana,Scott,2009-04-04,3,1201,2,21213,2,5,4,2,5,2,,R100000041S,1201,1201,2
5b81183b-4424-496b-89a8-51ff3ab14028,828739037,22183,5C,5,Terrance,Smith,2009-07-06,1,1201,1,21214,1,8,2,4,5,4,,R100000070A,5203,1201,1
5bd5dfef-d060-4dd6-9cf1-93936b6245c0,554661825,63890,7F,7,Jody,Mccaffrey,2009-09-05,3,1201,2,21220,1,6,3,2,6,1,,R100000208G,1201,1201,1
5c3f0b82-22dd-4cef-b01f-fe53071971a7,557824343,6912,7B,7,Pearl,Pulliam,2009-01-07,3,1201,2,21216,3,8,1,2,7,1,,R100000110H,2201,1201,1
5d0ec600-20ad-45c6-8e79-7dcf4784e1dd,812451070,53346,5E,5,Susana,Hill,2009-10-18,1,1201,2,21212,1,8,3,1,6,3,,R100000000K,9601,1201,2
5d2faf06-c580-479d-9631-aacafa5f2e30,624650841,8624,5B,5,Jimmie,Williams,2009-09-05,2,1201,1,21212,4,6,4,4,5,4,,R100000012P,1201,1201,2
5e5a4ba8-26a5-45c1-a1b8-0c20fa477af7,925430999,12769,3A,3,Leonor,Trevino,2009-08-17,1,1201,2,21212,2,5,1,2,5,1,,R100000020E,1201,1201,2
5edff60b-0bd2-42e8-b0b8-d9221785c2eb,14040244,59614,9D,9,Mathew,Jennings,2009-03-20,4,1201,1,21219,1,6,3,1,8,3,,R100000176E,5203,1201,2
5fb98717-dbf0-4e2f-bcdf-866e674b5286,455745192,29783,5F,5,Latasha,Stewart,2009-02-01,1,9601,2,21214,2,7,4,2,8,2,,R100000061R,1201,7100,2
60006ff7-8518-4c98-b204-a295358f6c46,820681232,44273,7A,7,Willian,Phillips,2009-09-12,3,1201,1,21220,4,6,2,3,6,1,,R100000219D,1201,9601,2
606d7a0c-5c8d-45e3-92bb-a91993ea3812,684855136,65777,3E,3,Sally,Carr,2009-08-02,1,1201,2,21212,4,5,1,1,8,2,,R100000017S,1201,2201,2
60ff2fea-f74a-432c-91da-da56d3347e08,360685193,76440,7A,7,Mickie,Smith,2009-10-26,1,1201,2,21221,4,7,4,2,8,4,,R100000247H,1201,1201,1
6130a9c7-163f-4c65-bf3b-e87e2132a510,963412185,3598,5A,5,Mark,Fuquay,2009-07-11,4,1201,1,21221,1,7,4,3,7,1,,R100000248P,1201,1201,2
613146eb-cec0-4bde-89fb-1c334c2327cf,385371423,65786,7F,7,Anibal,Gratton,2009-12-08,1,1201,1,21220,2,6,4,1,7,3,,R100000200D,1201,1201,1
6255951c-aa09-4230-b0b7-d02c0dd2270a,723237700,99111,3A,3,Tracy,Pritchett,2009-09-05,4,1201,1,21217,3,6,2,2,8,2,,R100000145A,1201,1201,2
63608d58-e7f0-448f-8c6a-ff85495204a4,72785717,98773,5B,5,Bobby,Davis,2009-01-04,2,1201,2,21214,4,5,4,4,6,3,,R100000050P,1201,1201,2
64139738-3f2b-4305-bbbf-bbec196da15f,140397837,86257,7B,7,Bobbie,Welch,2009-03-06,3,1201,2,21215,4,5,1,2,5,4,,R100000084S,1201,5203,2
64aa22b8-41fc-4f32-8ab6-ecd2c12134ed,42576899,26184,7B,7,Vance,Burger,2009-03-21,1,1201,1,21219,4,6,4,1,7,3,,R100000180K,1201,9601,2
653ddd61-398e-4385-b4f0-faf655b4f9f0,730559528,47981,7A,7,Tina,Silva,2009-07-10,3,1201,2,21219,1,8,2,1,8,1,,R100000186H,1201,1201,1
65cffedc-e7f4-4296-b44e-d9a775166877,213949532,76257,9E,9,Melonie,Greenbaum,2009-06-13,2,1201,2,21218,1,8,2,3,5,3,,R100000155R,5203,7100,2
6733b3fc-6581-41e8-bdba-025a6bc73b0f,624504082,24814,5E,5,Nona,Martin,2009-06-09,3,1201,2,21212,1,8,4,3,7,1,,R100000023R,1201,7100,2
67537bf8-e5f7-46a1-a82b-d0da4739864e,422061162,17166,7E,7,Melonie,Harris,2009-12-05,3,1201,2,21220,1,8,2,3,5,3,,R100000221R,1201,5203,2
693f104f-c1f4-4cbb-a645-8bfe3038544a,897587571,74138,3C,3,Brigitte,Casey,2009-12-20,4,1201,2,21213,3,5,1,1,7,4,,R100000025H,1201,1201,1
69ca2930-78c7-4c7f-af1c-ff02f82b8d54,153282012,6147,7E,7,Cora,Cooley,2009-05-08,4,1201,2,21220,1,7,2,1,6,3,,R100000214H,9601,1201,1
6a241839-d2f2-4c78-9abf-2ca7844402cb,664875159,63354,5F,5,Laura,Million,2009-04-21,3,1201,2,21213,2,5,2,3,6,1,,R100000029G,1201,1201,1
6af85c37-fb07-4a98-9573-80f44cd672d4,824066061,28463,7C,7,Danna,Brandl,2009-08-19,2,1201,2,21221,3,5,3,4,5,2,,R100000237E,1201,1201,2
6b66b896-6cd2-4b20-bcdd-58dab00e1fe3,368200198,77462,3E,3,Amelia,Arroyo,2009-02-14,4,1201,2,21213,1,6,1,1,7,3,,R100000032A,1201,1201,1
6b9bac0d-3379-44b0-b18a-95c47a4a0dc0,118803037,59738,3F,3,Bryan,Browder,2009-09-05,4,1201,1,21213,2,5,4,3,8,1,,R100000033M,1201,1201,1
6bcfc86e-0a98-4702-bc24-17470d428dbb,117672957,21138,5C,5,Glenn,Spangler,2009-06-05,3,1201,1,21215,4,8,2,1,5,2,,R100000079S,1201,1201,1
6d4528b8-5fa8-42f2-8cd3-1b8c245996a2,443441432,96652,7B,7,Adrian,Hatchett,2009-11-20,3,1201,1,21217,3,5,4,2,7,2,,R100000141R,1201,1201,2
6df68751-e458-4ad0-9dc6-f01748bc29a0,750413097,4424,7A,7,Tisha,Lloyd,2009-10-15,1,2201,2,21217,3,7,3,1,6,2,,R100000130P,1201,1201,2
708ca876-fb05-4ea4-a784-88f6864ec64c,847017452,73932,5F,5,Johnathan,Dallas,2009-02-03,2,1201,1,21221,2,5,3,3,6,3,,R100000244S,7100,1201,1
72059d09-4130-4ec8-b698-677f553d5b07,3596939,73241,9A,9,Audry,Kummer,2009-12-18,2,7100,2,21218,2,5,4,3,8,4,,R100000152G,5203,1201,2
74144ef9-afff-42c1-b09a-52dea023b9bc,838740156,83361,7B,7,Nathan,Countess,2009-09-12,1,1201,1,21218,1,6,2,1,5,2,,R100000154P,2201,1201,1
74467a0b-d0df-4456-9967-3c70329cf060,502150920,37839,3A,3,Adam,Fitts,2009-12-20,4,1201,1,21214,2,7,2,4,5,3,,R100000055S,5203,1201,1
759d8a1d-8ba6-4b41-9881-1a775e4bbce8,790764867,87184,9E,9,Annabelle,Howard,2009-05-10,3,1201,2,21218,2,5,2,1,6,2,,R100000165M,1201,1201,1
763a1787-82f4-40b1-a398-31ff1f06a9e1,405246056,39383,5D,5,Luetta,Harrison,2009-12-03,3,1201,2,21216,4,6,4,1,8,2,,R100000120D,1201,1201,2
79be71f6-7962-44e2-bb0a-56ffcfe4af76,881111799,36012,9A,9,Kimberly,Rayl,2009-02-08,4,1201,2,21220,1,5,4,1,7,2,,R100000223E,1201,1201,1
7a8229ec-7ea7-4bc6-9fd1-56baa495d0e8,332886320,74776,7C,7,Courtney,Harper,2009-08-01,4,1201,2,21216,3,7,4,3,7,4,,R100000124E,1201,1201,1
7b3cc1d5-f823-4770-b9a5-06a58a7abee3,123271330,69685,9E,9,Jasper,Manders,2009-02-25,2,1201,1,21219,4,6,1,4,6,4,,R100000181E,1201,1201,1
7bf9c799-8d36-4cce-abbe-82ae98450e9e,693417314,56336,3A,3,Reiko,Condon,2009-11-02,1,2201,2,21213,2,6,3,3,8,1,,R100000039E,1201,1201,2
7c4db879-584a-4976-bfec-79a646066da3,173885081,56746,9F,9,Gilbert,Roderick,2009-11-25,1,1201,1,21216,4,8,3,3,8,4,,R100000104K,1201,1201,2
7e3028c8-59da-4bcb-85f6-d484f3877465,215533833,60707,9A,9,Clay,Hedstrom,2009-05-09,3,7100,1,21218,2,6,4,4,8,4,,R100000164S,1201,1201,1
7f86f967-3acc-4fca-b718-30fcb1d189dd,639404255,21411,9B,9,Wilton,Mcbride,2009-12-11,4,1201,1,21219,3,7,2,3,7,4,,R100000189M,1201,1201,2
7fd638f6-fbdf-4247-9cfa-a10e4285037e,519386903,48638,9B,9,Ryan,Messer,2009-07-06,2,9601,1,21218,3,7,1,3,7,2,,R100000159S,1201,1201,1
80ece68e-d9e9-47c1-938d-1e386571af52,191846225,71787,9F,9,Ervin,Yamada,2009-11-24,2,1201,1,21219,1,7,3,2,7,1,,R100000196D,1201,1201,2
828d75b1-c385-4d6f-8f56-2736a75db982,938696651,22404,5E,5,Geralyn,Willett,2009-04-06,4,1201,2,21216,1,5,1,2,6,3,,R100000103R,1201,1201,2
83048361-c851-460f-8ce1-1175260202d9,636164925,62024,5F,5,Beth,Cooper,2009-02-21,4,1201,2,21212,4,5,2,4,8,2,,R100000022S,9601,2201,1
833b6455-913d-44ee-8082-9ede430e13ad,61996937,698,7F,7,Roosevelt,Raap,2009-09-01,1,1201,1,21216,3,7,2,1,7,2,,R100000118K,1201,1201,2
8377c418-cc1f-4365-b5bf-d4775ea28b18,208115536,37847,7F,7,Marge,Richardson,2009-08-11,4,9601,2,21219,2,6,3,1,7,1,,R100000182D,1201,1201,2
8568421b-b00c-4d83-b52e-618c33443d27,442186590,78592,5D,5,Felipe,Williams,2009-11-05,1,1201,1,21213,2,6,1,4,7,1,,R100000046A,1201,1201,1
85f3f2e5-1cfb-49b1-88b3-57b2965de4b3,98968203,20670,7F,7,Samuel,Carpenter,2009-09-08,4,1201,1,21215,4,6,3,4,5,3,,R100000097D,1201,1201,1
8792633f-f0a9-4020-895c-0f4259057840,480454001,91491,5D,5,Boyce,Ferguson,2009-02-02,1,7100,1,21212,3,7,2,2,6,1,,R100000003S,1201,7100,1
898203ce-e291-48fb-8bed-75b142a2e237,451780512,49352,3F,3,Geraldine,Whitaker,2009-05-25,2,1201,2,21217,4,6,2,4,7,3,,R100000149P,1201,5203,2
8aac208c-3aa4-433a-9c3d-7b3d20896473,280606363,67953,9D,9,Jess,Lee,2009-04-21,2,1201,1,21216,2,5,2,2,5,2,,R100000101D,7100,1201,1
8b7197cf-74a6-4657-a1cf-7354d1aa2dd9,913745090,59765,9E,9,Mack,Terrell,2009-05-02,4,1201,1,21216,3,5,1,2,7,1,,R100000100E,1201,1201,2
8bd2b114-6c2f-4726-aab4-4a8af2376de5,588674056,26374,3B,3,Roy,Gross,2009-06-06,3,1201,1,21213,3,8,4,1,5,2,,R100000043K,1201,9601,1
8c56a086-7dc4-4601-9db8-db4d5ca3f9d3,816387482,56709,3D,3,Shannon,Alvarez,2009-07-25,3,1201,2,21214,1,8,2,4,8,3,,R100000063E,1201,1201,2
8eb088b5-bc7b-4791-8701-b4accd629d70,596726414,89217,5A,5,Ronnie,Leblanc,2009-07-18,1,1201,1,21216,3,5,4,4,8,4,,R100000102S,5203,1201,1
8feb7427-bc18-421f-8f05-97d912daf942,677320433,62371,3A,3,James,Ashby,2009-05-05,4,1201,1,21214,3,8,1,4,6,3,,R100000056R,1201,1201,2
9159e7de-3ad5-4bf8-80f4-dff57fb2548e,19038510,32315,7A,7,Rudy,Patton,2009-03-27,2,1201,1,21219,1,6,1,2,8,2,,R100000177D,2201,1201,1
92f2536e-5457-4565-b1ee-12b1cc78d26e,456292396,80746,3C,3,Laurie,Harder,2009-04-22,1,1201,2,21215,3,6,4,2,8,3,,R100000093P,1201,1201,1
94a84be4-526e-47bc-ae46-bac042030c2c,739477588,25503,9B,9,Anita,Guardado,2009-10-04,2,1201,2,21219,2,6,4,4,7,2,,R100000188A,1201,1201,2
94f11de3-506f-4374-9245-e48a482ecada,827601145,2492,7C,7,Roger,Gallagher,2009-08-17,3,1201,1,21218,4,7,3,3,7,1,,R100000170M,1201,1201,2
952b2f4c-1791-47b7-a6f0-abc204618ccf,787768836,12235,7F,7,Elsie,Cooper,2009-08-04,2,1201,2,21215,1,5,3,2,5,2,,R100000090M,1201,1201,1
972296ac-3c0c-44df-bf95-787c77b162d0,311818401,28400,7B,7,Damaris,Hester,2009-12-27,3,1201,2,21221,3,5,3,1,5,1,,R100000241K,1201,7100,2
978803dd-ac23-4860-a74f-b6d4fe3b8c8d,674837975,57852,9D,9,Mathew,Harder,2009-05-11,2,1201,1,21221,4,6,2,4,6,1,,R100000230A,1201,1201,1
9982cdd3-5be2-4b95-ac0b-afc28665f89c,914850904,76708,7F,7,Damaris,Garcia,2009-10-19,1,1201,2,21219,4,8,1,2,7,2,,R100000184R,7100,1201,2
9a761403-4e7b-4b2b-a959-c6549ea499e4,6376495,47124,3D,3,Megan,Ramey,2009-07-12,2,1201,2,21212,3,7,2,3,7,4,,R100000007P,1201,9601,1
9b40dd7f-965a-401a-b997-e0b250b24042,800854531,13455,7B,7,Clark,Freeman,2009-05-20,2,1201,1,21218,3,7,4,1,5,4,,R100000168P,7100,5203,2
9d3bdaab-7e88-493d-befd-1453ff279ee5,476393126,20544,5F,5,Felipe,Barnes,2009-10-16,2,1201,1,21213,3,7,3,1,5,2,,R100000036S,1201,1201,2
9db993a8-039d-4e7b-b766-ad98150ba9cd,594802339,42562,9C,9,Josefina,Rivera,2009-06-17,1,1201,2,21218,2,5,4,2,8,4,,R100000153H,1201,1201,2
9e8d6435-f736-4e7c-9e7c-839aa9a59005,76122982,37090,7B,7,Leo,Ivey,2009-12-21,3,1201,1,21220,1,6,4,3,5,3,,R100000220S,1201,5203,2
9e9828ca-5dd9-420d-b535-15a05ff1860f,933615096,57832,9A,9,Harrison,Taylor,2009-10-01,1,1201,1,21217,4,6,3,2,7,1,,R100000131A,1201,1201,2
9f3a4e66-0265-451e-8e52-df501968372d,635834741,44397,9C,9,Irma,Lewis,2009-06-04,2,1201,2,21218,2,7,2,4,6,2,,R100000167H,1201,1201,2
9fd5ca96-d6f3-4ec4-8abc-7b5297988d9c,884015462,2844,7F,7,Louie,Fitts,2009-04-23,3,1201,1,21218,4,7,4,4,7,3,,R100000158D,1201,1201,1
a2f3d70f-f9c8-4124-adfd-5decade7edf4,58516237,96600,7A,7,Allison,Warren,2009-03-17,2,1201,2,21217,1,8,1,3,7,4,,R100000139D,7100,1201,2
a2fdb170-9b21-4a65-a98e-a6803bad5053,184642155,59062,5B,5,Randal,Collins,2009-01-11,1,9601,1,21221,4,8,4,1,5,1,,R100000246G,7100,1201,2
a35ccf08-c84e-465b-90e0-48680d5f37a1,607167295,63454,3B,3,Delores,Wilcox,2009-08-23,2,1201,2,21217,1,7,3,2,5,4,,R100000143E,1201,1201,1
a6029072-f080-4b5f-929f-2b68ec51eda6,921262205,77040,7C,7,Preston,Mork,2009-11-22,2,1201,1,21219,2,6,3,1,7,4,,R100000178S,7100,1201,1
a81af018-2cb5-4cfa-a188-2ac343086075,954343075,39700,3B,3,Kate,Brandl,2009-10-22,1,1201,2,21221,3,5,1,1,7,1,,R100000225A,2201,2201,2
a87aed68-f8eb-4e87-92ba-5c0f644cef47,874961867,59200,3B,3,Jamie,Frederick,2009-03-23,1,1201,1,21216,4,6,3,2,8,2,,R100000112A,1201,1201,1
aaf1780e-18e5-4992-940f-e4d2e630f59a,747785155,83976,7D,7,Phyllis,Valverde,2009-03-26,1,1201,2,21217,2,5,3,3,6,3,,R100000137K,1201,1201,2
ae6b80cc-5e82-4e26-abf5-c88bface0741,997556953,19856,3A,3,Miranda,Taylor,2009-04-13,3,1201,2,21213,4,7,1,2,5,2,,R100000026P,7100,1201,1
af245fb1-0481-4389-962e-f872c0f6717e,234302325,29555,9A,9,Eunice,Williams,2009-01-19,3,1201,2,21218,3,7,2,4,8,3,,R100000173P,1201,1201,1
af6c935e-4733-4fd2-bc8e-40f3eb141ab5,107747224,8490,7E,7,Charlie,Bailey,2009-02-13,3,1201,2,21216,2,5,1,3,7,3,,R100000119E,1201,1201,1
af6ef5ac-d43d-4248-8429-6f698e8ae898,208130465,95393,9C,9,Karl,Ventimiglia,2009-01-19,4,1201,1,21215,2,7,3,2,8,3,,R100000085M,2201,7100,2
b1a6dbc5-17d5-4d8a-bd27-4007816a8977,745864299,78608,5A,5,Louie,Perkins,2009-02-07,4,1201,1,21213,1,5,1,4,5,1,,R100000049H,1201,1201,1
b1f3f090-5218-4cf1-a19b-70c7342f8714,971054274,64469,5E,5,Ashley,Gordon,2009-11-23,3,1201,2,21214,2,7,3,3,8,1,,R100000065A,1201,1201,2
b2e41bbf-6037-422c-b6d3-1c335b70dd8a,964692628,61866,9F,9,Rex,Dye,2009-03-16,1,1201,1,21218,3,8,3,1,8,3,,R100000161K,9601,1201,2
b3337a3e-1a1e-45ba-b165-93295f22d8b1,499366569,44573,9C,9,Charity,Plyler,2009-06-26,4,1201,2,21220,4,7,4,4,8,4,,R100000213G,1201,1201,2
b4916725-014e-43cd-8d9a-80885ce0f7c4,207247806,69869,9C,9,Tony,Cooley,2009-09-03,4,1201,1,21220,1,8,1,3,7,2,,R100000204E,1201,7100,1
b548f907-1320-4688-a64a-b82e9b8f4bdd,192085491,24555,5B,5,Julia,Story,2009-01-13,1,1201,2,21216,1,8,4,2,6,4,,R100000122R,9601,1201,1
b7bf42e1-9793-4b61-bfc0-26b8c9952159,936770252,86806,3D,3,Geri,Israel,2009-07-19,1,1201,2,21213,1,7,1,2,5,4,,R100000031P,1201,2201,1
b99a01a4-3f44-4375-8172-13ca73266e26,184725944,47209,3B,3,Su,Buchanan,2009-07-18,2,1201,2,21215,1,5,4,3,8,1,,R100000091G,1201,1201,2
babc53b1-64f9-4e9e-92fa-f64c549ca272,154543294,3572,7A,7,Richard,Guzman,2009-11-15,1,1201,1,21220,4,7,1,4,8,1,,R100000212M,7100,1201,2
bc4da7ab-80b5-483d-b712-909c6c1464d7,798199675,36067,9B,9,John,Coward,2009-11-02,2,7100,1,21215,1,7,2,3,6,2,,R100000095K,1201,1201,1
bc5afa19-9908-4457-8892-d805047a4f73,588637840,83732,7F,7,Eleanor,Cooper,2009-12-04,1,1201,2,21219,1,7,1,2,7,1,,R100000187P,9601,1201,2
bd2c19a1-9db2-4ff4-bdd3-42a991b6c391,901431343,72571,5E,5,Rita,Ebner,2009-10-27,4,1201,2,21214,4,8,2,3,5,2,,R100000073H,1201,1201,2
be69aafd-c87e-46d0-b85f-b545f39682cc,297620849,75629,3E,3,Kym,Howton,2009-06-22,4,1201,2,21213,4,5,4,3,6,2,,R100000045P,1201,1201,1
be6a0f97-988d-4260-ab3f-9071393fe582,439073665,5274,5F,5,Dominique,Howell,2009-11-07,4,1201,2,21212,2,8,2,4,7,4,,R100000014M,1201,1201,2
becc5528-af84-48c1-89af-a6a109a1f543,863957213,93608,7F,7,Alonzo,Christiansen,2009-02-20,4,1201,1,21221,4,8,2,1,7,2,,R100000242E,1201,1201,1
bf7511e2-d158-4867-a9a3-6d97fdaaad43,319048887,28773,3A,3,Shellie,Nagel,2009-12-11,3,1201,2,21221,2,5,1,4,6,3,,R100000239S,5203,1201,1
c09f8133-15e1-4431-bf67-862b2bd13590,70232588,788,3B,3,Laurene,Ventimiglia,2009-02-01,1,5203,2,21214,3,8,2,4,5,4,,R100000067G,1201,5203,2
c184cb85-c622-4aad-a7f5-a254c2261de7,747044761,11404,5E,5,Beatrice,Connelly,2009-10-05,2,1201,2,21215,4,7,2,4,8,4,,R100000082E,1201,1201,1
c3cddfaf-b835-450f-a900-2298ef682c72,668085738,76681,7E,7,Rex,Horton,2009-01-02,3,1201,1,21220,2,5,1,4,7,4,,R100000216R,1201,9601,2
c469fabf-2c50-4d63-a9c7-9939e9257df0,297514420,70148,7B,7,Claude,Allen,2009-05-23,1,1201,1,21218,1,6,3,4,6,3,,R100000169A,1201,5203,1
c4aab511-ecde-4cee-b37f-b118b721bb52,549297543,5067,9C,9,Judi,Lloyd,2009-09-16,3,1201,2,21218,2,7,3,2,5,1,,R100000151M,1201,1201,2
c5f0f0bf-6c52-4003-ada2-22dcf199e925,804320309,26118,9D,9,Manuel,Hadley,2009-05-18,2,1201,1,21218,3,6,2,2,7,4,,R100000174A,1201,1201,1
c71a5f4f-51d6-4fab-8381-8c3283a03354,600949416,69691,5C,5,Wilton,Buck,2009-11-08,4,5203,1,21212,2,6,1,4,8,1,,R100000015E,1201,1201,2
c7ade279-f231-4c98-be39-71678cb990b8,749764543,43092,5D,5,Sheree,Taylor,2009-02-07,4,1201,2,21221,2,5,2,4,6,1,,R100000243D,1201,5203,1
c99cf106-8e1b-4d14-9043-92d84217d49f,685952291,39331,9C,9,Alvin,Webb,2009-11-10,4,5203,1,21219,3,5,3,2,5,4,,R100000183S,7100,1201,2
ca749dd4-ebbf-41c4-9754-bac383fb2eb5,500224274,78733,7F,7,Normand,Abbott,2009-09-02,4,1201,1,21215,1,6,2,2,5,2,,R100000078D,1201,1201,2
cb714292-fe8f-4cd4-a9cf-59f11e9d4021,17572599,94288,9A,9,Jeanine,Robertson,2009-10-25,4,1201,2,21221,3,7,3,2,7,1,,R100000229P,1201,1201,1
cc3004d5-f4a6-43d6-9ce3-f281b232ef56,872347538,82106,5E,5,Leroy,Beiler,2009-04-18,1,1201,1,21212,1,5,2,1,6,2,,R100000001E,1201,1201,2
cc425bf8-c982-4361-885c-97e5490841f7,796511436,27856,7B,7,Daniel,Keeton,2009-04-10,3,1201,1,21215,2,6,1,3,6,3,,R100000076K,1201,9601,2
cdc0ff42-03a2-462d-8e05-08c1ff23b3da,912219902,67053,3F,3,Fannie,Spradley,2009-01-03,4,2201,2,21217,4,8,2,3,5,3,,R100000136R,1201,1201,2
d25be3b6-e4b1-416d-b1b4-0e365cf392c2,799288106,86217,3C,3,Tiesha,Pharris,2009-01-14,2,7100,2,21212,1,5,2,1,5,2,,R100000016D,1201,1201,2
d2aab401-3ec2-4356-a1ee-de8349310f49,899750212,92780,9E,9,Juanita,Motley,2009-12-19,2,5203,2,21218,3,6,2,1,7,2,,R100000162E,1201,1201,2
d4bc2acd-d78c-46a5-a2a7-4e2bee4a0cb9,880056195,23005,5E,5,Gerda,Pursley,2009-01-12,1,1201,2,21221,4,7,2,1,5,3,,R100000245M,1201,1201,1
d50f0a66-fa55-4225-baf4-788ef8b7c36f,691066350,40756,9B,9,Tracey,Wood,2009-08-03,1,1201,2,21215,4,5,2,4,6,2,,R100000077E,1201,1201,1
d5adfc17-a698-4b01-900f-4a5b2d1b1367,503927230,76206,3A,3,Emmett,Dison,2009-04-12,2,1201,1,21214,2,6,3,2,5,1,,R100000066M,1201,1201,1
d7f81c70-8556-46d1-8272-4cd802505152,744221821,65639,7D,7,Valentina,Hendricks,2009-12-16,1,1201,2,21219,1,7,3,1,7,2,,R100000191H,1201,1201,2
d865c9d7-ac93-43f2-93ac-c2670ccecec2,23518540,81345,7A,7,Santa,Pierce,2009-12-19,4,1201,2,21220,2,8,1,4,6,2,,R100000202R,1201,1201,2
d95632ab-c93a-434e-9877-658ed8d9710d,867232991,97422,3D,3,Dora,Palm,2009-08-14,2,7100,2,21214,3,8,3,2,7,1,,R100000068H,1201,1201,1
dbf7edff-072c-4c31-8ce0-666446135912,165911230,36482,3D,3,Juli,Kent,2009-06-21,4,1201,2,21212,1,6,4,1,7,1,,R100000013A,2201,1201,2
dc004844-3090-49a7-b02f-fa690fc72c66,31407761,97211,5B,5,Orville,Allred,2009-04-05,4,1201,1,21214,4,7,1,4,5,1,,R100000058E,1201,1201,2
dc81e2d1-52be-4698-b26d-457d2070ec35,348983856,16685,9D,9,Bobby,Echols,2009-01-07,4,1201,1,21219,2,7,1,3,6,2,,R100000194M,1201,2201,1
dcf0502d-0cad-4f1a-88f7-0f6b153868fc,133472063,50991,5A,5,Elda,Luis,2009-12-02,4,1201,2,21215,3,6,3,2,6,1,,R100000075R,7100,1201,2
de4e21fa-7729-47e3-a343-7de9c44df9d7,850988822,15643,3A,3,Travis,Hopper,2009-09-10,2,1201,1,21216,2,6,4,2,6,4,,R100000116S,1201,1201,2
dedb457d-c36a-4ec9-9efd-acfda795c1a5,438794451,4942,3D,3,Jeffery,Floyd,2009-08-05,3,1201,1,21213,4,5,1,3,7,2,,R100000040D,5203,1201,2
e0e9ca34-9710-45ce-974d-f63914bea733,343362773,71234,9F,9,Beulah,Garcia,2009-12-10,2,1201,2,21220,1,8,1,1,6,2,,R100000205P,1201,2201,1
e1432170-bc03-4c6c-aa88-29abab64dfc7,951674161,75696,5E,5,Genaro,Finch,2009-01-06,4,1201,1,21212,4,7,2,3,8,4,,R100000009M,1201,1201,2
e302490d-a92e-4ecb-8a3a-6575e1f48df0,237840113,81646,7C,7,Phyllis,Maurer,2009-01-23,3,1201,2,21220,2,6,1,1,8,1,,R100000224D,1201,1201,2
e3703ce9-dcdd-406e-9319-145e97f83f60,648654892,83477,9C,9,Ruben,Lane,2009-12-14,4,1201,1,21218,4,8,2,1,7,1,,R100000172H,5203,1201,2
e7009956-9466-45c1-a7c3-304a3dadc36a,948766497,79013,9D,9,Armando,Lieberman,2009-05-12,2,1201,1,21215,4,6,3,3,6,1,,R100000092H,1201,1201,2
e941ce21-ef32-4f32-85ec-d870cbd2a45e,60555998,39384,7B,7,Seth,Robertson,2009-09-10,2,1201,1,21216,3,8,4,2,6,1,,R100000123K,1201,1201,2
e9be5ec6-47e7-4ef1-b6a5-b91188aeb9e0,938798662,46759,3F,3,Maribel,Dixon,2009-10-18,2,1201,2,21213,2,8,2,2,5,4,,R100000027A,2201,5203,2
e9fb4061-552d-4cfb-83a2-768d91c738c5,843681862,25216,7A,7,Benedict,Johnson,2009-02-22,4,1201,1,21219,2,8,3,4,8,4,,R100000195E,1201,1201,1
ea6e3870-89fe-4481-afdd-998dd49118f3,470222285,56640,3A,3,Sharon,Young,2009-05-10,2,1201,2,21213,3,6,4,2,8,1,,R100000044E,1201,1201,1
eab7fbf9-711c-441b-8e01-3d18c60f7dae,327244049,32746,5C,5,Diane,Sims,2009-10-08,3,1201,2,21217,4,7,1,2,8,3,,R100000138E,1201,1201,1
eac3b90d-6396-49d7-8fc2-1e2cf3f689dc,200021907,48898,3B,3,Jannie,Lee,2009-02-10,3,1201,2,21213,4,7,3,2,7,4,,R100000030H,1201,1201,2
eb327e06-67ec-4896-90f7-98b2ad4a361f,619028703,72765,9F,9,Alfredo,Akbar,2009-04-07,1,1201,1,21220,1,6,1,4,8,1,,R100000215S,1201,1201,1
ecd62262-1c14-48aa-b652-6a71e56f2715,105664271,54882,7F,7,Mitchell,Bloom,2009-01-24,1,1201,1,21220,3,5,3,2,8,3,,R100000211A,1201,1201,2
ef4dc217-003d-4bae-9d3e-add326b58337,282611052,93457,5B,5,Cordelia,Alvarado,2009-10-13,4,1201,2,21212,2,7,3,1,8,4,,R100000010G,9601,1201,1
f09b347b-5bd3-4871-92cb-6a1759cd220e,443154971,54467,9A,9,Donte,Johnson,2009-03-07,4,1201,1,21217,2,5,4,4,7,3,,R100000127M,2201,7100,2
f2226d90-c8bc-4589-bd5a-5ee65dc1eb06,912208774,68259,3F,3,Gladis,Clemmer,2009-09-07,3,1201,2,21212,2,7,1,4,8,3,,R100000002D,1201,1201,2
f2250d48-f758-4a93-bb8a-3c756437a51d,821927062,14874,5B,5,Tomeka,Templeton,2009-05-28,4,2201,2,21214,1,6,4,3,7,4,,R100000074P,1201,1201,1
f28c333d-ba1b-400c-81d5-f49aeb98478e,539010323,44016,3D,3,Ruth,Mah,2009-02-15,4,1201,2,21214,2,7,3,2,5,2,,R100000054H,1201,1201,2
f2e0ed8b-ddfe-4cba-9498-fc3ed24b4c12,621711852,85235,7F,7,Adriana,Webb,2009-09-20,2,1201,2,21219,3,8,4,4,8,1,,R100000175K,1201,1201,2
f2eb268a-c95d-442c-964c-d9c262328374,457520822,95679,5B,5,Hilda,Akbar,2009-07-03,1,1201,2,21212,4,5,2,2,6,1,,R100000005G,1201,1201,2
f4c7c079-26d7-4f4f-ba06-763d9205d8bc,439271349,31308,9A,9,Wilson,Oates,2009-11-18,1,1201,1,21215,2,7,4,2,5,3,,R100000099R,1201,1201,1
f5885c48-7126-46fc-98be-8a3f262b9b96,823126537,69579,9F,9,Carolyn,Dallas,2009-07-11,3,1201,2,21215,2,6,3,3,8,4,,R100000083D,1201,1201,2
f5c7a474-6bfe-4d2f-a251-50b3b9a2b338,521388793,87218,5A,5,Tracey,Vasquez,2009-11-15,4,1201,1,21214,2,5,1,1,7,2,,R100000060S,1201,1201,2
f5e1d96b-6d7e-4b67-b77e-e473d4a62459,343044931,89220,5E,5,Jonathon,Clevenger,2009-01-12,1,1201,1,21212,3,7,1,3,7,2,,R100000006H,1201,1201,1
f686b187-7da3-4e45-9534-855896c94dc9,493598277,279,3C,3,Camelia,Copeland,2009-07-08,3,1201,2,21213,3,8,4,3,7,2,,R100000037R,1201,1201,2
fa8ad27e-f1a5-4bfa-8eff-9abf910511c2,746926784,26062,5A,5,Grady,Staats,2009-03-14,3,1201,1,21213,4,5,3,2,5,1,,R100000028M,1201,1201,1
fb259002-cd97-4067-b2df-8a3ecb7130d5,62853932,83971,3D,3,Marian,Crain,2009-12-21,2,1201,2,21214,1,6,1,1,7,1,,R100000062K,2201,1201,1
fb626bb1-0c92-4c03-a9fb-ad65f7fde9c1,20896464,52082,9E,9,Lettie,Hawkins,2009-01-08,2,1201,2,21219,4,6,1,1,5,3,,R100000190G,1201,9601,2
fcb25013-c3ec-42d0-bb17-920e49685b21,105780998,31243,9D,9,Bruce,Bowles,2009-05-15,1,5203,1,21220,2,7,3,3,8,2,,R100000209H,1201,1201,2
fe18a60a-eabd-4091-9a05-72c7cd7c2339,565645348,82809,7C,7,Elda,Lake,2009-11-01,3,1201,2,21218,4,6,3,3,7,4,,R100000160R,1201,1201,1
