School,YrLevel,Domain,Student PSI,Year Level,Test Domain,Domain Band,Raw Score,Scaled Score,Scaled Score Std. Error,Scaled Score Logit,Scaled Score Logit Std. Error
21221,9,Spelling,R100000235R,9,Spelling,8,15.00,595.00,18.31,18.36,18.07
21221,9,GrammarAndPunctuation,R100000235R,9,Grammar and Punctuation,8,14.00,589.00,18.16,21.75,20.65
21221,9,Reading,R100000235R,9,Reading,8,35.00,614.38,21.26,22.44,21.19
21221,9,Numeracy,R100000235R,9,Numeracy,8,42.00,603.44,19.04,21.03,19.81
21215,5,Spelling,R100000098S,5,Spelling,7,19.00,539.00,19.80,21.69,21.98
21215,5,Writing,R100000098S,5,Writing,8,1.00,575.00,22.04,22.88,22.40
21215,5,GrammarAndPunctuation,R100000098S,5,Grammar and Punctuation,7,19.00,539.00,20.97,20.73,22.99
21215,5,Reading,R100000098S,5,Reading,6,33.00,535.00,19.46,21.51,20.61
21215,5,Numeracy,R100000098S,5,Numeracy,6,30.00,525.00,19.12,20.23,22.99
21213,5,Spelling,R100000042R,5,Spelling,6,16.00,521.00,21.85,20.26,21.30
21213,5,Writing,R100000042R,5,Writing,8,1.00,575.00,22.92,22.50,19.03
21213,5,GrammarAndPunctuation,R100000042R,5,Grammar and Punctuation,6,17.00,527.00,21.03,19.91,22.30
21213,5,Numeracy,R100000042R,5,Numeracy,6,25.00,508.33,20.58,19.39,19.74
21214,3,GrammarAndPunctuation,R100000053G,3,Grammar and Punctuation,5,16.00,411.00,22.63,20.39,21.66
21221,9,Spelling,R100000228H,9,Spelling,9,19.00,619.00,22.77,21.35,19.46
21221,9,Writing,R100000228H,9,Writing,10,1.00,655.00,20.13,21.46,19.61
21221,9,GrammarAndPunctuation,R100000228H,9,Grammar and Punctuation,8,16.00,601.00,21.56,20.96,21.68
21221,9,Numeracy,R100000228H,9,Numeracy,8,44.00,608.12,19.21,18.52,18.59
21220,7,Numeracy,R100000203K,7,Numeracy,7,36.00,559.38,22.73,19.50,19.85
21220,7,Writing,R100000203K,7,Writing,9,1.00,625.00,22.86,18.52,18.26
21220,7,Reading,R100000203K,7,Reading,7,33.00,578.12,19.32,19.62,22.56
21220,7,GrammarAndPunctuation,R100000203K,7,Grammar and Punctuation,8,24.00,619.00,19.97,19.20,19.94
21217,5,Spelling,R100000135S,5,Spelling,6,17.00,527.00,19.20,21.82,19.79
21217,5,Writing,R100000135S,5,Writing,8,1.00,575.00,20.24,19.37,20.00
21217,5,GrammarAndPunctuation,R100000135S,5,Grammar and Punctuation,7,20.00,545.00,21.79,21.92,21.51
21217,5,Reading,R100000135S,5,Reading,6,32.00,531.67,21.05,18.41,21.43
21215,3,GrammarAndPunctuation,R100000096E,3,Grammar and Punctuation,5,17.00,417.00,19.80,21.55,18.45
21215,3,Reading,R100000096E,3,Reading,6,34.00,445.77,22.63,19.06,20.51
21215,3,Numeracy,R100000096E,3,Numeracy,5,28.00,422.69,18.23,21.85,18.00
21215,3,Spelling,R100000096E,3,Spelling,6,21.00,441.00,22.36,22.23,22.21
21215,9,Spelling,R100000081K,9,Spelling,8,18.00,613.00,21.59,20.76,19.78
21215,9,Writing,R100000081K,9,Writing,6,0.00,505.00,21.23,21.47,20.87
21215,9,GrammarAndPunctuation,R100000081K,9,Grammar and Punctuation,9,20.00,625.00,19.87,22.45,22.50
21215,9,Reading,R100000081K,9,Reading,8,31.00,601.88,21.85,21.13,18.33
21215,9,Numeracy,R100000081K,9,Numeracy,8,45.00,610.47,20.73,18.52,18.56
21221,9,Spelling,R100000233H,9,Spelling,8,15.00,595.00,18.63,21.80,20.20
21221,9,Writing,R100000233H,9,Writing,10,1.00,655.00,18.02,21.08,21.67
21221,9,GrammarAndPunctuation,R100000233H,9,Grammar and Punctuation,8,17.00,607.00,20.00,20.90,20.40
21221,9,Reading,R100000233H,9,Reading,8,31.00,601.88,22.78,22.13,22.77
21221,9,Numeracy,R100000233H,9,Numeracy,8,43.00,605.78,19.82,18.60,20.88
21215,9,Spelling,R100000088P,9,Spelling,9,21.00,631.00,19.46,19.24,20.02
21215,9,Writing,R100000088P,9,Writing,10,1.00,655.00,22.68,18.63,22.72
21215,9,GrammarAndPunctuation,R100000088P,9,Grammar and Punctuation,8,17.00,607.00,20.09,20.02,18.16
21215,9,Reading,R100000088P,9,Reading,8,30.00,598.75,18.88,21.69,22.52
21215,9,Numeracy,R100000088P,9,Numeracy,8,45.00,610.47,21.59,19.22,20.59
21221,5,Spelling,R100000231M,5,Spelling,6,13.00,503.00,22.94,18.78,19.44
21221,5,Writing,R100000231M,5,Writing,8,1.00,575.00,20.13,19.80,21.69
21221,5,GrammarAndPunctuation,R100000231M,5,Grammar and Punctuation,0,0.00,0.00,19.36,19.56,20.35
21221,5,Numeracy,R100000231M,5,Numeracy,6,32.00,531.67,22.15,21.51,20.12
21220,9,Spelling,R100000222K,9,Spelling,8,17.00,607.00,19.14,18.07,20.49
21220,9,Writing,R100000222K,9,Writing,6,0.00,505.00,21.31,21.53,19.69
21220,9,GrammarAndPunctuation,R100000222K,9,Grammar and Punctuation,8,15.00,595.00,18.62,22.53,19.46
21220,9,Reading,R100000222K,9,Reading,9,37.00,620.62,18.11,22.92,20.21
21220,9,Numeracy,R100000222K,9,Numeracy,8,43.00,605.78,18.56,20.32,22.52
21214,5,Spelling,R100000051A,5,Spelling,6,17.00,527.00,19.26,21.01,21.81
21214,5,Writing,R100000051A,5,Writing,8,1.00,575.00,21.98,21.80,21.35
21214,5,GrammarAndPunctuation,R100000051A,5,Grammar and Punctuation,6,17.00,527.00,21.80,21.55,18.74
21214,5,Reading,R100000051A,5,Reading,6,32.00,531.67,22.06,19.79,19.07
21214,5,Numeracy,R100000051A,5,Numeracy,7,36.00,545.00,19.92,22.15,22.68
21212,3,Reading,R100000021D,3,Reading,6,30.00,430.38,18.72,20.68,18.88
21212,3,Numeracy,R100000021D,3,Numeracy,5,29.00,426.54,20.68,18.35,18.76
21212,3,Spelling,R100000021D,3,Spelling,6,19.00,429.00,19.90,18.47,18.01
21221,9,Writing,R100000226M,9,Writing,6,0.00,505.00,21.09,20.44,19.51
21221,9,GrammarAndPunctuation,R100000226M,9,Grammar and Punctuation,8,15.00,595.00,20.28,19.35,22.96
21221,9,Reading,R100000226M,9,Reading,8,31.00,601.88,22.64,20.00,20.63
21217,5,Spelling,R100000128G,5,Spelling,6,17.00,527.00,20.84,19.92,18.68
21217,5,Writing,R100000128G,5,Writing,8,1.00,575.00,18.57,22.94,19.17
21217,5,GrammarAndPunctuation,R100000128G,5,Grammar and Punctuation,0,0.00,0.00,19.41,18.78,22.83
21218,9,Spelling,R100000166G,9,Spelling,9,21.00,631.00,21.79,18.32,21.35
21218,9,Writing,R100000166G,9,Writing,6,0.00,505.00,19.50,21.85,19.63
21218,9,Reading,R100000166G,9,Reading,9,37.00,620.62,22.50,19.33,22.80
21218,9,Numeracy,R100000166G,9,Numeracy,8,45.00,610.47,19.84,20.37,20.95
21215,3,GrammarAndPunctuation,R100000086G,3,Grammar and Punctuation,6,20.00,435.00,18.81,20.73,21.38
21215,3,Reading,R100000086G,3,Reading,6,31.00,434.23,22.54,21.90,18.18
21215,3,Numeracy,R100000086G,3,Numeracy,6,30.00,430.38,21.90,19.69,22.58
21215,3,Spelling,R100000086G,3,Spelling,6,20.00,435.00,20.17,22.88,20.44
21217,5,Spelling,R100000142K,5,Spelling,6,18.00,533.00,22.38,21.71,18.49
21217,5,Writing,R100000142K,5,Writing,8,1.00,575.00,22.70,18.63,22.95
21217,5,Reading,R100000142K,5,Reading,7,34.00,538.33,20.42,21.54,18.15
21217,5,Numeracy,R100000142K,5,Numeracy,6,27.00,515.00,20.40,19.99,19.42
21218,9,Spelling,R100000150A,9,Spelling,8,17.00,607.00,18.95,21.35,19.85
21218,9,Writing,R100000150A,9,Writing,6,0.00,505.00,18.18,22.76,21.07
21218,9,Numeracy,R100000150A,9,Numeracy,8,47.00,615.16,21.15,22.84,22.71
21217,3,GrammarAndPunctuation,R100000129H,3,Grammar and Punctuation,5,16.00,411.00,21.79,18.57,18.88
21217,3,Reading,R100000129H,3,Reading,5,28.00,422.69,18.62,19.77,21.40
21217,3,Numeracy,R100000129H,3,Numeracy,5,29.00,426.54,20.62,20.27,18.30
21217,3,Spelling,R100000129H,3,Spelling,4,12.00,387.00,21.54,22.82,20.10
21216,9,Reading,R100000121S,9,Reading,8,31.00,601.88,18.58,21.21,19.92
21220,7,Numeracy,R100000206A,7,Numeracy,7,44.00,578.12,19.81,20.28,19.99
21220,7,Writing,R100000206A,7,Writing,9,1.00,625.00,22.31,19.81,22.25
21220,7,Spelling,R100000206A,7,Spelling,7,18.00,583.00,21.04,19.97,20.99
21220,7,GrammarAndPunctuation,R100000206A,7,Grammar and Punctuation,0,0.00,0.00,18.56,21.19,21.04
21217,7,Writing,R100000140S,7,Writing,9,1.00,625.00,20.45,22.20,19.94
21217,7,Spelling,R100000140S,7,Spelling,7,17.00,577.00,20.37,18.46,20.98
21217,7,GrammarAndPunctuation,R100000140S,7,Grammar and Punctuation,0,0.00,0.00,18.22,18.94,18.97
21219,9,Spelling,R100000193A,9,Spelling,8,18.00,613.00,21.14,18.28,20.33
21219,9,Writing,R100000193A,9,Writing,6,0.00,505.00,19.07,18.94,19.96
21219,9,GrammarAndPunctuation,R100000193A,9,Grammar and Punctuation,0,0.00,0.00,19.08,22.18,20.80
21219,9,Reading,R100000193A,9,Reading,8,31.00,601.88,20.45,21.54,20.90
21220,7,Numeracy,R100000207M,7,Numeracy,7,34.00,581.25,18.98,22.75,21.45
21220,7,Writing,R100000207M,7,Writing,5,0.00,475.00,21.16,18.05,19.80
21220,7,Spelling,R100000207M,7,Spelling,7,17.00,577.00,18.24,22.96,20.53
21220,7,Reading,R100000207M,7,Reading,7,32.00,575.00,20.49,18.71,18.66
21220,7,GrammarAndPunctuation,R100000207M,7,Grammar and Punctuation,8,21.00,601.00,22.96,20.59,21.22
21216,7,Numeracy,R100000111P,7,Numeracy,8,48.00,587.50,22.32,18.36,18.22
21216,7,Writing,R100000111P,7,Writing,9,1.00,625.00,19.80,19.27,21.61
21216,7,Spelling,R100000111P,7,Spelling,7,18.00,583.00,18.97,18.31,20.87
21216,7,Reading,R100000111P,7,Reading,7,35.00,584.38,20.75,20.67,22.36
21216,7,GrammarAndPunctuation,R100000111P,7,Grammar and Punctuation,7,14.00,559.00,22.57,22.12,22.56
21219,7,Numeracy,R100000198R,7,Numeracy,8,52.00,596.88,18.98,19.07,22.39
21219,7,Writing,R100000198R,7,Writing,5,0.00,475.00,22.14,19.99,22.44
21219,7,Spelling,R100000198R,7,Spelling,7,18.00,583.00,20.25,19.76,19.42
21219,7,GrammarAndPunctuation,R100000198R,7,Grammar and Punctuation,0,0.00,0.00,21.48,19.75,20.24
21213,5,Spelling,R100000035D,5,Spelling,7,19.00,539.00,19.49,20.98,19.53
21213,5,GrammarAndPunctuation,R100000035D,5,Grammar and Punctuation,0,0.00,0.00,21.32,19.90,20.71
21213,5,Numeracy,R100000035D,5,Numeracy,6,33.00,535.00,18.71,20.59,22.71
21212,5,Spelling,R100000018R,5,Spelling,6,18.00,533.00,20.55,19.17,19.52
21212,5,Writing,R100000018R,5,Writing,4,0.00,425.00,20.08,18.13,21.38
21212,5,GrammarAndPunctuation,R100000018R,5,Grammar and Punctuation,7,19.00,539.00,21.45,18.86,20.06
21212,5,Reading,R100000018R,5,Reading,7,35.00,541.67,19.19,19.46,20.37
21212,5,Numeracy,R100000018R,5,Numeracy,6,31.00,528.33,18.43,18.10,20.59
21216,3,GrammarAndPunctuation,R100000106P,3,Grammar and Punctuation,5,16.00,411.00,18.47,20.80,20.73
21216,3,Numeracy,R100000106P,3,Numeracy,5,28.00,422.69,20.64,19.10,20.96
21216,3,Spelling,R100000106P,3,Spelling,6,19.00,429.00,19.81,20.14,18.59
21221,5,Spelling,R100000234P,5,Spelling,6,17.00,527.00,19.77,19.88,20.76
21221,5,Writing,R100000234P,5,Writing,4,0.00,425.00,22.86,20.73,21.12
21221,5,GrammarAndPunctuation,R100000234P,5,Grammar and Punctuation,0,0.00,0.00,21.60,21.37,22.31
21221,5,Numeracy,R100000234P,5,Numeracy,6,33.00,535.00,18.88,20.38,20.25
21212,5,GrammarAndPunctuation,R100000011H,5,Grammar and Punctuation,6,15.00,515.00,21.43,20.77,20.98
21212,5,Reading,R100000011H,5,Reading,6,28.00,518.33,21.01,19.99,21.39
21212,5,Numeracy,R100000011H,5,Numeracy,7,35.00,541.67,18.69,22.08,19.28
21216,5,Spelling,R100000115D,5,Spelling,6,18.00,533.00,20.40,19.57,22.23
21216,5,Writing,R100000115D,5,Writing,8,1.00,575.00,19.80,18.15,18.97
21216,5,GrammarAndPunctuation,R100000115D,5,Grammar and Punctuation,6,18.00,533.00,21.34,18.21,18.00
21216,5,Reading,R100000115D,5,Reading,7,39.00,555.00,18.53,21.25,18.55
21219,7,Numeracy,R100000185G,7,Numeracy,7,34.00,581.25,20.17,21.29,18.40
21219,7,Writing,R100000185G,7,Writing,9,1.00,625.00,18.21,19.05,18.87
21219,7,Spelling,R100000185G,7,Spelling,8,21.00,601.00,22.51,21.18,20.88
21219,7,Reading,R100000185G,7,Reading,7,29.00,565.62,20.15,22.35,20.12
21217,7,Numeracy,R100000146M,7,Numeracy,7,30.00,568.75,23.00,19.78,18.41
21217,7,Writing,R100000146M,7,Writing,5,0.00,475.00,21.98,19.54,20.94
21217,7,Spelling,R100000146M,7,Spelling,7,17.00,577.00,20.10,21.43,21.04
21217,7,GrammarAndPunctuation,R100000146M,7,Grammar and Punctuation,0,0.00,0.00,21.19,21.80,22.29
21218,9,Writing,R100000157E,9,Writing,10,1.00,655.00,22.26,20.08,21.17
21218,9,GrammarAndPunctuation,R100000157E,9,Grammar and Punctuation,9,21.00,631.00,18.19,22.26,19.08
21218,9,Reading,R100000157E,9,Reading,8,29.00,595.62,20.18,20.90,21.37
21218,9,Numeracy,R100000157E,9,Numeracy,8,25.00,583.12,20.70,21.09,20.02
21219,9,Spelling,R100000192P,9,Spelling,8,18.00,613.00,20.11,20.83,22.84
21219,9,GrammarAndPunctuation,R100000192P,9,Grammar and Punctuation,9,20.00,625.00,20.43,22.83,19.09
21219,9,Numeracy,R100000192P,9,Numeracy,8,43.00,605.78,19.71,19.83,20.98
21215,5,Spelling,R100000080R,5,Spelling,6,17.00,527.00,21.05,19.58,18.10
21215,5,Writing,R100000080R,5,Writing,8,1.00,575.00,20.71,20.61,19.34
21215,5,GrammarAndPunctuation,R100000080R,5,Grammar and Punctuation,7,20.00,545.00,21.54,21.29,20.28
21215,5,Reading,R100000080R,5,Reading,7,35.00,541.67,18.96,18.04,21.13
21215,5,Numeracy,R100000080R,5,Numeracy,6,31.00,528.33,18.74,19.11,21.49
21220,9,Spelling,R100000217K,9,Spelling,8,15.00,595.00,21.95,18.17,18.68
21220,9,Writing,R100000217K,9,Writing,10,1.00,655.00,19.71,19.98,18.00
21220,9,GrammarAndPunctuation,R100000217K,9,Grammar and Punctuation,9,21.00,631.00,20.22,20.84,22.66
21220,9,Reading,R100000217K,9,Reading,9,36.00,617.50,20.22,19.28,21.23
21220,9,Numeracy,R100000217K,9,Numeracy,8,41.00,601.09,20.59,18.11,18.91
21221,5,Spelling,R100000240R,5,Spelling,6,17.00,527.00,18.74,21.58,22.69
21221,5,Writing,R100000240R,5,Writing,8,1.00,575.00,20.39,19.01,22.28
21221,5,GrammarAndPunctuation,R100000240R,5,Grammar and Punctuation,6,18.00,533.00,19.45,22.28,21.74
21221,5,Reading,R100000240R,5,Reading,7,34.00,538.33,19.40,19.98,22.47
21215,3,GrammarAndPunctuation,R100000087H,3,Grammar and Punctuation,5,14.00,399.00,18.73,21.98,21.83
21215,3,Reading,R100000087H,3,Reading,5,26.00,415.00,20.48,18.16,20.07
21215,3,Spelling,R100000087H,3,Spelling,5,17.00,417.00,20.95,20.27,20.82
21217,3,GrammarAndPunctuation,R100000125P,3,Grammar and Punctuation,0,0.00,0.00,18.32,21.96,21.26
21217,3,Numeracy,R100000125P,3,Numeracy,5,28.00,422.69,22.88,19.43,21.32
21217,3,Spelling,R100000125P,3,Spelling,5,17.00,417.00,19.89,19.93,19.20
21216,9,Spelling,R100000109G,9,Spelling,8,16.00,601.00,18.73,21.30,21.12
21216,9,Writing,R100000109G,9,Writing,6,0.00,505.00,22.90,18.41,21.23
21216,9,GrammarAndPunctuation,R100000109G,9,Grammar and Punctuation,9,19.00,619.00,21.09,21.13,18.00
21216,9,Numeracy,R100000109G,9,Numeracy,9,49.00,619.84,22.63,19.25,22.14
21221,3,GrammarAndPunctuation,R100000227G,3,Grammar and Punctuation,5,16.00,411.00,21.32,22.31,18.14
21221,3,Reading,R100000227G,3,Reading,5,28.00,422.69,21.48,21.04,18.97
21221,3,Numeracy,R100000227G,3,Numeracy,5,25.00,411.15,18.73,18.16,21.46
21221,3,Spelling,R100000227G,3,Spelling,5,16.00,411.00,19.48,20.47,21.88
21212,5,Writing,R100000019K,5,Writing,4,0.00,425.00,20.90,18.92,22.79
21212,5,GrammarAndPunctuation,R100000019K,5,Grammar and Punctuation,7,19.00,539.00,22.89,19.55,21.99
21212,5,Reading,R100000019K,5,Reading,6,32.00,531.67,19.02,20.01,19.79
21212,5,Numeracy,R100000019K,5,Numeracy,6,29.00,521.67,21.98,21.45,21.56
21218,9,Spelling,R100000171G,9,Spelling,9,19.00,619.00,18.52,22.51,18.15
21218,9,Writing,R100000171G,9,Writing,10,1.00,655.00,22.82,22.16,18.67
21218,9,GrammarAndPunctuation,R100000171G,9,Grammar and Punctuation,8,16.00,601.00,22.58,22.50,20.46
21218,9,Reading,R100000171G,9,Reading,8,32.00,605.00,21.02,21.31,22.92
21218,9,Numeracy,R100000171G,9,Numeracy,8,44.00,608.12,18.92,21.73,19.40
21216,7,Numeracy,R100000105H,7,Numeracy,7,44.00,578.12,18.47,21.77,21.12
21216,7,GrammarAndPunctuation,R100000105H,7,Grammar and Punctuation,0,0.00,0.00,20.62,18.15,21.21
21219,9,Spelling,R100000199K,9,Spelling,8,17.00,607.00,18.25,21.57,20.95
21219,9,Writing,R100000199K,9,Writing,10,1.00,655.00,21.58,20.86,22.31
21219,9,GrammarAndPunctuation,R100000199K,9,Grammar and Punctuation,9,20.00,625.00,20.83,20.70,21.66
21219,9,Reading,R100000199K,9,Reading,8,35.00,614.38,22.26,18.46,22.37
21219,9,Numeracy,R100000199K,9,Numeracy,9,48.00,617.50,22.68,20.79,18.97
21213,5,Spelling,R100000048G,5,Spelling,6,18.00,533.00,22.83,21.84,18.11
21213,5,Reading,R100000048G,5,Reading,6,31.00,528.33,22.77,19.01,22.98
21213,5,Numeracy,R100000048G,5,Numeracy,6,32.00,531.67,22.59,19.18,18.61
21221,7,Numeracy,R100000232G,7,Numeracy,8,36.00,587.50,22.71,21.09,19.83
21221,7,Writing,R100000232G,7,Writing,5,0.00,475.00,19.85,21.95,21.91
21221,7,Spelling,R100000232G,7,Spelling,7,16.00,571.00,22.30,18.88,20.31
21221,7,Reading,R100000232G,7,Reading,7,33.00,578.12,18.10,22.83,20.63
21221,7,GrammarAndPunctuation,R100000232G,7,Grammar and Punctuation,7,17.00,577.00,20.63,20.24,20.08
21217,3,GrammarAndPunctuation,R100000148H,3,Grammar and Punctuation,6,19.00,429.00,22.61,21.22,21.26
21217,3,Reading,R100000148H,3,Reading,5,20.00,391.92,20.99,19.35,18.76
21217,3,Numeracy,R100000148H,3,Numeracy,5,27.00,418.85,18.17,19.15,20.87
21217,3,Spelling,R100000148H,3,Spelling,5,16.00,411.00,19.12,20.02,19.05
21217,3,GrammarAndPunctuation,R100000147G,3,Grammar and Punctuation,5,18.00,423.00,21.59,20.41,18.45
21217,3,Reading,R100000147G,3,Reading,5,23.00,403.46,18.17,19.75,21.47
21217,3,Numeracy,R100000147G,3,Numeracy,6,32.00,438.08,22.13,20.85,18.17
21217,3,Spelling,R100000147G,3,Spelling,6,20.00,435.00,18.87,22.09,18.83
21220,7,Writing,R100000210P,7,Writing,9,1.00,625.00,19.83,20.16,21.74
21220,7,Spelling,R100000210P,7,Spelling,7,17.00,577.00,19.92,22.66,22.19
21220,7,Reading,R100000210P,7,Reading,7,32.00,575.00,20.67,20.49,20.39
21220,7,GrammarAndPunctuation,R100000210P,7,Grammar and Punctuation,8,21.00,601.00,22.94,22.40,22.21
21212,3,GrammarAndPunctuation,R100000004R,3,Grammar and Punctuation,0,0.00,0.00,19.19,19.30,18.06
21212,3,Reading,R100000004R,3,Reading,5,29.00,426.54,18.39,18.74,18.76
21212,3,Numeracy,R100000004R,3,Numeracy,5,27.00,418.85,18.50,22.03,21.93
21212,3,Spelling,R100000004R,3,Spelling,5,16.00,411.00,22.76,18.50,18.26
21214,3,GrammarAndPunctuation,R100000069P,3,Grammar and Punctuation,5,17.00,417.00,20.18,22.97,20.35
21214,3,Reading,R100000069P,3,Reading,6,33.00,441.92,19.77,18.21,21.81
21214,3,Numeracy,R100000069P,3,Numeracy,5,28.00,422.69,19.79,22.09,20.79
21214,3,Spelling,R100000069P,3,Spelling,6,21.00,441.00,19.31,22.28,19.34
21221,3,GrammarAndPunctuation,R100000238D,3,Grammar and Punctuation,5,17.00,417.00,18.80,22.39,22.69
21221,3,Numeracy,R100000238D,3,Numeracy,5,28.00,422.69,20.12,19.40,22.30
21221,3,Spelling,R100000238D,3,Spelling,5,16.00,411.00,22.67,21.56,20.43
21218,9,Spelling,R100000156K,9,Spelling,8,14.00,589.00,22.03,19.28,22.09
21218,9,Writing,R100000156K,9,Writing,10,1.00,655.00,19.49,22.40,18.57
21218,9,GrammarAndPunctuation,R100000156K,9,Grammar and Punctuation,9,23.00,643.00,21.24,21.54,21.26
21218,9,Reading,R100000156K,9,Reading,8,31.00,601.88,22.67,19.34,20.10
21218,9,Numeracy,R100000156K,9,Numeracy,8,34.00,611.25,19.08,19.70,22.98
21212,3,GrammarAndPunctuation,R100000024K,3,Grammar and Punctuation,5,18.00,423.00,18.51,20.18,19.36
21212,3,Reading,R100000024K,3,Reading,5,27.00,418.85,20.65,19.30,20.23
21212,3,Numeracy,R100000024K,3,Numeracy,5,23.00,403.46,19.08,21.04,21.20
21212,3,Spelling,R100000024K,3,Spelling,5,18.00,423.00,21.24,20.28,21.87
21215,3,GrammarAndPunctuation,R100000089A,3,Grammar and Punctuation,6,19.00,429.00,20.91,20.66,20.29
21215,3,Reading,R100000089A,3,Reading,5,25.00,411.15,22.37,22.95,19.11
21215,3,Numeracy,R100000089A,3,Numeracy,5,27.00,418.85,22.53,19.73,18.61
21215,3,Spelling,R100000089A,3,Spelling,5,16.00,411.00,22.22,22.50,21.09
21213,3,GrammarAndPunctuation,R100000038K,3,Grammar and Punctuation,6,20.00,435.00,21.03,21.72,18.15
21213,3,Reading,R100000038K,3,Reading,5,28.00,422.69,20.77,18.01,19.11
21213,3,Numeracy,R100000038K,3,Numeracy,6,32.00,438.08,18.77,22.13,20.74
21213,3,Spelling,R100000038K,3,Spelling,5,18.00,423.00,18.87,19.16,22.97
21214,3,GrammarAndPunctuation,R100000071M,3,Grammar and Punctuation,5,15.00,405.00,18.74,21.89,21.46
21214,3,Reading,R100000071M,3,Reading,6,33.00,441.92,23.00,18.20,20.49
21214,3,Numeracy,R100000071M,3,Numeracy,5,25.00,411.15,19.62,22.56,21.80
21214,3,Spelling,R100000071M,3,Spelling,6,19.00,429.00,22.85,22.15,20.22
21216,7,Numeracy,R100000114G,7,Numeracy,7,40.00,568.75,21.52,22.84,19.10
21216,7,Writing,R100000114G,7,Writing,9,1.00,625.00,22.94,21.14,21.05
21216,7,Spelling,R100000114G,7,Spelling,7,15.00,565.00,21.61,19.68,21.20
21216,7,Reading,R100000114G,7,Reading,7,27.00,559.38,21.36,19.90,22.43
21216,7,GrammarAndPunctuation,R100000114G,7,Grammar and Punctuation,7,16.00,571.00,22.57,19.50,20.99
21216,9,Spelling,R100000107A,9,Spelling,8,15.00,595.00,22.65,19.76,19.56
21216,9,GrammarAndPunctuation,R100000107A,9,Grammar and Punctuation,8,16.00,601.00,22.34,18.05,21.99
21216,9,Reading,R100000107A,9,Reading,9,37.00,620.62,18.97,21.10,20.86
21216,9,Numeracy,R100000107A,9,Numeracy,8,44.00,608.12,21.46,22.61,20.26
21214,5,Spelling,R100000057K,5,Spelling,6,17.00,527.00,20.71,22.50,20.79
21214,5,GrammarAndPunctuation,R100000057K,5,Grammar and Punctuation,6,17.00,527.00,20.84,21.37,19.08
21214,5,Reading,R100000057K,5,Reading,6,32.00,531.67,20.63,22.75,21.52
21213,3,GrammarAndPunctuation,R100000034G,3,Grammar and Punctuation,0,0.00,0.00,22.23,22.24,20.13
21213,3,Numeracy,R100000034G,3,Numeracy,5,25.00,411.15,19.23,22.01,20.37
21213,3,Spelling,R100000034G,3,Spelling,6,22.00,447.00,22.94,21.35,21.99
21216,9,Spelling,R100000108M,9,Spelling,9,20.00,625.00,21.46,20.02,20.58
21216,9,Writing,R100000108M,9,Writing,10,1.00,655.00,19.18,22.66,18.11
21216,9,Numeracy,R100000108M,9,Numeracy,8,33.00,608.12,18.75,21.64,18.25
21219,9,Spelling,R100000179R,9,Spelling,9,21.00,631.00,19.19,21.35,21.87
21219,9,Writing,R100000179R,9,Writing,10,1.00,655.00,20.40,22.79,19.92
21219,9,GrammarAndPunctuation,R100000179R,9,Grammar and Punctuation,8,17.00,607.00,20.22,21.06,21.60
21219,9,Numeracy,R100000179R,9,Numeracy,8,36.00,589.38,18.43,19.56,19.52
21220,7,Numeracy,R100000218E,7,Numeracy,7,45.00,580.47,22.26,18.59,20.09
21220,7,Writing,R100000218E,7,Writing,5,0.00,475.00,22.75,18.72,20.41
21220,7,Reading,R100000218E,7,Reading,7,31.00,571.88,22.89,21.59,22.12
21220,7,GrammarAndPunctuation,R100000218E,7,Grammar and Punctuation,7,18.00,583.00,19.36,20.63,20.04
21213,3,GrammarAndPunctuation,R100000047M,3,Grammar and Punctuation,5,15.00,405.00,20.54,18.12,22.64
21213,3,Reading,R100000047M,3,Reading,6,31.00,434.23,19.32,21.44,21.83
21213,3,Spelling,R100000047M,3,Spelling,5,18.00,423.00,18.33,19.22,19.92
21216,5,Spelling,R100000113M,5,Spelling,6,14.00,509.00,18.96,22.87,19.49
21216,5,Writing,R100000113M,5,Writing,8,1.00,575.00,19.77,20.14,21.01
21216,5,GrammarAndPunctuation,R100000113M,5,Grammar and Punctuation,6,17.00,527.00,20.86,18.52,19.41
21216,5,Reading,R100000113M,5,Reading,6,27.00,515.00,18.90,22.73,21.49
21216,5,Numeracy,R100000113M,5,Numeracy,6,27.00,515.00,22.10,21.65,21.77
21218,7,Writing,R100000163D,7,Writing,5,0.00,475.00,18.31,22.36,20.79
21218,7,Spelling,R100000163D,7,Spelling,7,16.00,571.00,21.22,19.27,21.83
21218,7,Reading,R100000163D,7,Reading,8,37.00,590.62,20.01,19.82,19.52
21218,7,GrammarAndPunctuation,R100000163D,7,Grammar and Punctuation,8,19.00,589.00,18.70,20.02,22.48
21219,9,Spelling,R100000197S,9,Spelling,8,18.00,613.00,18.58,21.27,20.25
21219,9,GrammarAndPunctuation,R100000197S,9,Grammar and Punctuation,8,18.00,613.00,20.74,18.76,18.32
21219,9,Reading,R100000197S,9,Reading,8,32.00,605.00,20.93,20.32,19.67
21214,3,GrammarAndPunctuation,R100000072G,3,Grammar and Punctuation,5,17.00,417.00,20.42,21.91,21.47
21214,3,Reading,R100000072G,3,Reading,5,22.00,399.62,20.57,18.98,19.69
21214,3,Spelling,R100000072G,3,Spelling,6,19.00,429.00,18.77,18.54,19.11
21217,3,GrammarAndPunctuation,R100000132M,3,Grammar and Punctuation,6,19.00,429.00,21.56,18.66,18.53
21217,3,Reading,R100000132M,3,Reading,5,27.00,418.85,21.41,18.16,22.43
21217,3,Numeracy,R100000132M,3,Numeracy,6,30.00,430.38,21.17,19.42,20.23
21217,3,Spelling,R100000132M,3,Spelling,5,18.00,423.00,20.65,20.35,19.19
21214,3,GrammarAndPunctuation,R100000052M,3,Grammar and Punctuation,5,18.00,423.00,18.54,21.61,18.86
21214,3,Reading,R100000052M,3,Reading,5,28.00,422.69,20.87,19.03,22.88
21214,3,Numeracy,R100000052M,3,Numeracy,6,30.00,430.38,20.22,21.45,21.01
21214,3,Spelling,R100000052M,3,Spelling,6,20.00,435.00,20.12,18.86,22.24
21221,7,Numeracy,R100000236K,7,Numeracy,7,42.00,573.44,19.69,21.45,20.06
21221,7,Spelling,R100000236K,7,Spelling,7,17.00,577.00,18.40,18.80,20.06
21221,7,Reading,R100000236K,7,Reading,7,32.00,575.00,20.29,22.59,20.95
21221,7,GrammarAndPunctuation,R100000236K,7,Grammar and Punctuation,7,14.00,559.00,22.53,19.35,22.03
21212,3,GrammarAndPunctuation,R100000008A,3,Grammar and Punctuation,6,21.00,441.00,20.63,19.36,20.51
21212,3,Reading,R100000008A,3,Reading,6,30.00,430.38,21.79,22.77,21.84
21212,3,Spelling,R100000008A,3,Spelling,6,19.00,429.00,20.28,21.60,19.82
21215,5,Spelling,R100000094A,5,Spelling,6,15.00,515.00,22.91,21.18,22.29
21215,5,Writing,R100000094A,5,Writing,8,1.00,575.00,21.64,22.27,21.77
21215,5,GrammarAndPunctuation,R100000094A,5,Grammar and Punctuation,6,17.00,527.00,21.54,22.87,21.30
21215,5,Reading,R100000094A,5,Reading,6,30.00,525.00,22.07,19.42,20.31
21215,5,Numeracy,R100000094A,5,Numeracy,6,33.00,535.00,19.00,20.96,19.46
21214,5,Spelling,R100000059D,5,Spelling,6,18.00,533.00,21.29,21.63,18.85
21214,5,Writing,R100000059D,5,Writing,8,1.00,575.00,22.40,18.65,21.06
21214,5,GrammarAndPunctuation,R100000059D,5,Grammar and Punctuation,7,19.00,539.00,19.87,21.42,19.06
21214,5,Reading,R100000059D,5,Reading,6,31.00,528.33,22.56,18.06,22.15
21214,5,Numeracy,R100000059D,5,Numeracy,6,30.00,525.00,22.76,20.91,18.73
21221,7,Numeracy,R100000249A,7,Numeracy,7,46.00,582.81,20.40,20.93,19.12
21221,7,Writing,R100000249A,7,Writing,5,0.00,475.00,18.19,21.27,19.06
21221,7,Spelling,R100000249A,7,Spelling,7,18.00,583.00,18.72,18.56,22.94
21221,7,Reading,R100000249A,7,Reading,8,36.00,587.50,20.89,19.16,20.83
21221,7,GrammarAndPunctuation,R100000249A,7,Grammar and Punctuation,7,17.00,577.00,20.79,19.17,19.50
21220,7,Numeracy,R100000201S,7,Numeracy,8,48.00,587.50,21.23,20.35,22.71
21220,7,Writing,R100000201S,7,Writing,9,1.00,625.00,21.55,18.10,20.31
21220,7,Spelling,R100000201S,7,Spelling,7,14.00,559.00,18.29,21.15,20.15
21220,7,Reading,R100000201S,7,Reading,7,30.00,568.75,22.85,22.26,22.87
21220,7,GrammarAndPunctuation,R100000201S,7,Grammar and Punctuation,7,16.00,571.00,20.53,19.69,21.44
21217,3,GrammarAndPunctuation,R100000126A,3,Grammar and Punctuation,6,19.00,429.00,21.10,21.41,18.10
21217,3,Reading,R100000126A,3,Reading,5,29.00,426.54,18.30,20.37,18.99
21217,3,Numeracy,R100000126A,3,Numeracy,5,28.00,422.69,22.60,22.04,20.00
21217,5,Spelling,R100000144D,5,Spelling,7,22.00,557.00,20.47,22.71,19.87
21217,5,Writing,R100000144D,5,Writing,8,1.00,575.00,19.52,21.30,22.95
21217,5,GrammarAndPunctuation,R100000144D,5,Grammar and Punctuation,6,18.00,533.00,21.13,22.79,18.73
21217,5,Numeracy,R100000144D,5,Numeracy,7,35.00,541.67,19.01,19.25,21.48
21217,7,Writing,R100000134H,7,Writing,5,0.00,475.00,18.13,21.07,22.82
21217,7,Reading,R100000134H,7,Reading,7,32.00,575.00,19.35,20.26,20.92
21217,7,GrammarAndPunctuation,R100000134H,7,Grammar and Punctuation,7,18.00,583.00,22.68,21.90,21.50
21217,5,Spelling,R100000133G,5,Spelling,7,19.00,539.00,20.31,18.77,21.85
21217,5,Writing,R100000133G,5,Writing,8,1.00,575.00,20.94,20.45,21.92
21217,5,GrammarAndPunctuation,R100000133G,5,Grammar and Punctuation,6,13.00,503.00,19.58,22.36,18.28
21217,5,Reading,R100000133G,5,Reading,7,35.00,541.67,21.03,22.63,21.21
21217,5,Numeracy,R100000133G,5,Numeracy,6,33.00,535.00,21.36,20.69,18.91
21214,5,Spelling,R100000064D,5,Spelling,6,13.00,503.00,20.14,19.71,21.91
21214,5,GrammarAndPunctuation,R100000064D,5,Grammar and Punctuation,6,17.00,527.00,19.05,20.12,19.57
21214,5,Reading,R100000064D,5,Reading,6,27.00,515.00,21.43,20.43,22.65
21214,5,Numeracy,R100000064D,5,Numeracy,7,35.00,541.67,20.23,20.66,20.67
21216,7,Numeracy,R100000117R,7,Numeracy,7,42.00,573.44,21.67,22.01,21.51
21216,7,Writing,R100000117R,7,Writing,5,0.00,475.00,21.19,19.50,18.98
21216,7,Spelling,R100000117R,7,Spelling,8,19.00,589.00,18.03,19.29,18.31
21216,7,Reading,R100000117R,7,Reading,7,32.00,575.00,21.82,22.77,21.55
21213,3,GrammarAndPunctuation,R100000041S,3,Grammar and Punctuation,5,18.00,423.00,20.16,19.70,18.61
21213,3,Reading,R100000041S,3,Reading,5,20.00,391.92,22.90,19.73,22.45
21213,3,Numeracy,R100000041S,3,Numeracy,5,28.00,422.69,18.02,20.41,18.26
21213,3,Spelling,R100000041S,3,Spelling,6,19.00,429.00,22.65,18.80,19.45
21214,5,Spelling,R100000070A,5,Spelling,6,18.00,533.00,19.04,18.62,21.02
21214,5,Reading,R100000070A,5,Reading,6,31.00,528.33,20.64,19.15,18.10
21214,5,Numeracy,R100000070A,5,Numeracy,6,31.00,528.33,21.49,22.84,22.26
21220,7,Writing,R100000208G,7,Writing,9,1.00,625.00,18.94,20.89,20.73
21220,7,Spelling,R100000208G,7,Spelling,7,17.00,577.00,21.08,22.75,22.64
21220,7,Reading,R100000208G,7,Reading,8,40.00,600.00,22.30,22.22,21.03
21220,7,GrammarAndPunctuation,R100000208G,7,Grammar and Punctuation,6,11.00,541.00,18.08,22.48,19.12
21216,7,Numeracy,R100000110H,7,Numeracy,7,29.00,565.62,20.23,18.38,21.56
21216,7,Writing,R100000110H,7,Writing,9,1.00,625.00,19.01,21.60,18.43
21216,7,Spelling,R100000110H,7,Spelling,8,22.00,607.00,18.35,18.42,20.54
21216,7,Reading,R100000110H,7,Reading,7,33.00,578.12,19.30,21.52,20.92
21216,7,GrammarAndPunctuation,R100000110H,7,Grammar and Punctuation,0,0.00,0.00,20.40,18.37,19.32
21212,5,Writing,R100000000K,5,Writing,8,1.00,575.00,21.44,21.54,21.30
21212,5,GrammarAndPunctuation,R100000000K,5,Grammar and Punctuation,6,15.00,515.00,21.71,19.58,19.29
21212,5,Reading,R100000000K,5,Reading,7,34.00,538.33,20.58,19.96,18.85
21212,5,Numeracy,R100000000K,5,Numeracy,6,32.00,531.67,20.71,22.32,22.27
21212,5,Spelling,R100000012P,5,Spelling,7,19.00,539.00,18.83,20.02,21.94
21212,5,Writing,R100000012P,5,Writing,8,1.00,575.00,18.65,18.31,19.49
21212,5,Reading,R100000012P,5,Reading,6,30.00,525.00,21.92,19.86,20.33
21212,5,Numeracy,R100000012P,5,Numeracy,6,28.00,518.33,20.62,18.31,19.04
21212,3,GrammarAndPunctuation,R100000020E,3,Grammar and Punctuation,0,0.00,0.00,19.25,21.26,18.67
21212,3,Reading,R100000020E,3,Reading,6,31.00,434.23,21.22,19.97,22.72
21212,3,Numeracy,R100000020E,3,Numeracy,5,23.00,403.46,20.10,19.94,22.50
21212,3,Spelling,R100000020E,3,Spelling,5,16.00,411.00,21.64,21.55,20.68
21219,9,Spelling,R100000176E,9,Spelling,8,17.00,607.00,19.38,19.50,22.91
21219,9,Writing,R100000176E,9,Writing,10,1.00,655.00,22.80,20.64,19.24
21219,9,GrammarAndPunctuation,R100000176E,9,Grammar and Punctuation,0,0.00,0.00,20.98,21.99,18.55
21219,9,Reading,R100000176E,9,Reading,8,28.00,592.50,22.00,20.52,22.48
21214,5,Spelling,R100000061R,5,Spelling,6,18.00,533.00,22.46,22.24,21.97
21214,5,Writing,R100000061R,5,Writing,8,1.00,575.00,22.31,18.37,18.31
21214,5,GrammarAndPunctuation,R100000061R,5,Grammar and Punctuation,6,17.00,527.00,21.51,21.89,22.36
21214,5,Reading,R100000061R,5,Reading,6,33.00,535.00,18.78,22.68,19.66
21214,5,Numeracy,R100000061R,5,Numeracy,7,35.00,541.67,22.07,18.91,18.10
21220,7,Numeracy,R100000219D,7,Numeracy,7,43.00,575.78,20.82,18.69,19.83
21220,7,Writing,R100000219D,7,Writing,9,1.00,625.00,20.72,22.71,19.04
21220,7,Spelling,R100000219D,7,Spelling,7,16.00,571.00,19.61,19.50,21.63
21220,7,Reading,R100000219D,7,Reading,7,33.00,578.12,22.65,21.59,20.04
21220,7,GrammarAndPunctuation,R100000219D,7,Grammar and Punctuation,7,16.00,571.00,18.54,21.93,19.65
21212,3,Reading,R100000017S,3,Reading,6,33.00,441.92,22.63,21.84,19.85
21212,3,Numeracy,R100000017S,3,Numeracy,5,27.00,418.85,18.86,19.62,19.01
21212,3,Spelling,R100000017S,3,Spelling,5,17.00,417.00,21.63,22.14,22.34
21221,7,Numeracy,R100000247H,7,Numeracy,7,47.00,585.16,19.06,18.41,19.44
21221,7,Reading,R100000247H,7,Reading,7,35.00,584.38,21.14,22.84,22.64
21221,7,GrammarAndPunctuation,R100000247H,7,Grammar and Punctuation,8,19.00,589.00,18.15,22.90,21.11
21221,5,Writing,R100000248P,5,Writing,8,1.00,575.00,18.82,21.48,20.03
21221,5,GrammarAndPunctuation,R100000248P,5,Grammar and Punctuation,6,13.00,503.00,21.26,19.34,18.60
21221,5,Reading,R100000248P,5,Reading,6,33.00,535.00,19.35,21.16,20.41
21220,7,Numeracy,R100000200D,7,Numeracy,8,40.00,600.00,22.29,18.58,20.68
21220,7,Spelling,R100000200D,7,Spelling,8,20.00,595.00,22.89,22.90,19.60
21220,7,Reading,R100000200D,7,Reading,7,31.00,571.88,22.22,20.05,21.97
21220,7,GrammarAndPunctuation,R100000200D,7,Grammar and Punctuation,7,18.00,583.00,21.37,22.83,19.94
21217,3,GrammarAndPunctuation,R100000145A,3,Grammar and Punctuation,5,16.00,411.00,18.97,21.13,18.21
21217,3,Reading,R100000145A,3,Reading,5,29.00,426.54,20.35,20.90,21.10
21217,3,Numeracy,R100000145A,3,Numeracy,5,23.00,403.46,21.93,19.81,19.17
21214,5,Spelling,R100000050P,5,Spelling,7,19.00,539.00,21.08,22.59,22.22
21214,5,Writing,R100000050P,5,Writing,4,0.00,425.00,21.22,22.10,19.38
21214,5,GrammarAndPunctuation,R100000050P,5,Grammar and Punctuation,6,15.00,515.00,19.47,19.19,21.30
21214,5,Reading,R100000050P,5,Reading,7,36.00,545.00,21.19,19.38,20.67
21214,5,Numeracy,R100000050P,5,Numeracy,6,32.00,531.67,18.11,18.47,22.20
21215,7,Numeracy,R100000084S,7,Numeracy,8,50.00,592.19,18.72,19.66,20.03
21215,7,Writing,R100000084S,7,Writing,9,1.00,625.00,19.92,19.35,20.61
21215,7,Spelling,R100000084S,7,Spelling,8,19.00,589.00,21.14,22.21,20.09
21215,7,Reading,R100000084S,7,Reading,7,32.00,575.00,21.32,18.42,21.03
21215,7,GrammarAndPunctuation,R100000084S,7,Grammar and Punctuation,8,19.00,589.00,22.65,21.17,18.25
21219,7,Numeracy,R100000180K,7,Numeracy,7,41.00,571.09,19.24,18.15,21.14
21219,7,Writing,R100000180K,7,Writing,9,1.00,625.00,22.18,22.66,19.80
21219,7,Spelling,R100000180K,7,Spelling,8,20.00,595.00,19.92,22.80,22.03
21219,7,Reading,R100000180K,7,Reading,7,28.00,562.50,22.65,18.76,19.32
21219,7,GrammarAndPunctuation,R100000180K,7,Grammar and Punctuation,0,0.00,0.00,21.58,19.44,20.50
21219,7,Numeracy,R100000186H,7,Numeracy,7,31.00,571.88,20.66,21.43,19.05
21219,7,Writing,R100000186H,7,Writing,9,1.00,625.00,20.71,20.71,21.94
21219,7,Reading,R100000186H,7,Reading,8,37.00,590.62,19.85,18.82,22.77
21218,9,Spelling,R100000155R,9,Spelling,8,18.00,613.00,19.34,18.79,21.23
21218,9,Writing,R100000155R,9,Writing,10,1.00,655.00,18.03,18.50,21.96
21218,9,GrammarAndPunctuation,R100000155R,9,Grammar and Punctuation,8,18.00,613.00,22.52,20.43,19.65
21218,9,Numeracy,R100000155R,9,Numeracy,9,48.00,617.50,22.09,20.07,22.85
21212,5,Spelling,R100000023R,5,Spelling,6,18.00,533.00,21.46,20.95,20.23
21212,5,Writing,R100000023R,5,Writing,8,1.00,575.00,20.15,19.78,22.41
21212,5,GrammarAndPunctuation,R100000023R,5,Grammar and Punctuation,6,17.00,527.00,19.72,21.56,21.67
21212,5,Reading,R100000023R,5,Reading,6,28.00,518.33,19.13,18.71,22.35
21212,5,Numeracy,R100000023R,5,Numeracy,6,30.00,525.00,21.36,18.13,18.13
21220,7,Numeracy,R100000221R,7,Numeracy,7,32.00,575.00,18.44,22.38,22.51
21220,7,Writing,R100000221R,7,Writing,9,1.00,625.00,20.92,22.69,18.74
21220,7,Spelling,R100000221R,7,Spelling,8,20.00,595.00,18.98,20.95,18.87
21220,7,Reading,R100000221R,7,Reading,8,40.00,600.00,18.87,22.34,20.14
21213,3,GrammarAndPunctuation,R100000025H,3,Grammar and Punctuation,5,14.00,399.00,19.62,19.39,22.96
21213,3,Reading,R100000025H,3,Reading,6,31.00,434.23,21.01,18.52,20.82
21213,3,Numeracy,R100000025H,3,Numeracy,5,27.00,418.85,20.36,22.84,19.24
21213,3,Spelling,R100000025H,3,Spelling,6,19.00,429.00,21.44,20.66,21.38
21220,7,Numeracy,R100000214H,7,Numeracy,7,44.00,578.12,18.86,19.07,19.22
21220,7,Writing,R100000214H,7,Writing,9,1.00,625.00,20.63,21.63,19.60
21220,7,Spelling,R100000214H,7,Spelling,7,15.00,565.00,21.76,21.94,22.30
21220,7,Reading,R100000214H,7,Reading,7,35.00,584.38,22.85,22.44,21.29
21220,7,GrammarAndPunctuation,R100000214H,7,Grammar and Punctuation,0,0.00,0.00,18.17,19.21,22.55
21213,5,Spelling,R100000029G,5,Spelling,6,18.00,533.00,18.69,21.11,19.55
21213,5,Writing,R100000029G,5,Writing,8,1.00,575.00,18.47,20.36,20.47
21213,5,GrammarAndPunctuation,R100000029G,5,Grammar and Punctuation,7,19.00,539.00,20.01,19.64,19.89
21213,5,Reading,R100000029G,5,Reading,7,34.00,538.33,22.73,18.58,20.24
21213,5,Numeracy,R100000029G,5,Numeracy,6,31.00,528.33,18.02,19.45,19.16
21221,7,Numeracy,R100000237E,7,Numeracy,7,42.00,573.44,19.76,20.90,19.80
21221,7,Writing,R100000237E,7,Writing,5,0.00,475.00,22.77,18.41,22.38
21221,7,Spelling,R100000237E,7,Spelling,7,18.00,583.00,18.21,18.40,18.31
21221,7,GrammarAndPunctuation,R100000237E,7,Grammar and Punctuation,0,0.00,0.00,21.03,21.50,20.76
21213,3,Numeracy,R100000032A,3,Numeracy,6,31.00,434.23,18.59,19.91,20.65
21213,3,Spelling,R100000032A,3,Spelling,6,20.00,435.00,18.44,19.88,20.62
21213,3,GrammarAndPunctuation,R100000033M,3,Grammar and Punctuation,5,16.00,411.00,18.18,19.43,19.23
21213,3,Reading,R100000033M,3,Reading,5,26.00,415.00,22.71,18.92,19.19
21213,3,Numeracy,R100000033M,3,Numeracy,5,28.00,422.69,20.36,21.52,20.97
21213,3,Spelling,R100000033M,3,Spelling,6,19.00,429.00,19.25,22.10,18.03
21215,5,Spelling,R100000079S,5,Spelling,6,15.00,515.00,20.06,19.67,18.37
21215,5,Writing,R100000079S,5,Writing,8,1.00,575.00,20.85,18.88,21.04
21215,5,GrammarAndPunctuation,R100000079S,5,Grammar and Punctuation,6,18.00,533.00,22.53,22.98,21.67
21215,5,Reading,R100000079S,5,Reading,6,33.00,535.00,19.85,19.73,21.23
21215,5,Numeracy,R100000079S,5,Numeracy,6,28.00,518.33,21.84,21.05,21.57
21217,7,Numeracy,R100000141R,7,Numeracy,7,44.00,578.12,18.14,19.99,18.67
21217,7,Writing,R100000141R,7,Writing,9,1.00,625.00,18.96,20.74,22.21
21217,7,Spelling,R100000141R,7,Spelling,7,18.00,583.00,22.08,21.27,20.77
21217,7,Reading,R100000141R,7,Reading,7,35.00,584.38,20.14,21.55,20.64
21217,7,GrammarAndPunctuation,R100000141R,7,Grammar and Punctuation,7,16.00,571.00,20.40,18.19,19.83
21217,7,Numeracy,R100000130P,7,Numeracy,7,31.00,571.88,19.08,19.12,21.03
21217,7,Writing,R100000130P,7,Writing,9,1.00,625.00,22.68,21.92,21.40
21217,7,Spelling,R100000130P,7,Spelling,8,19.00,589.00,21.71,22.86,20.02
21217,7,Reading,R100000130P,7,Reading,8,38.00,593.75,18.86,20.03,20.27
21221,5,Writing,R100000244S,5,Writing,4,0.00,425.00,22.54,19.10,20.50
21221,5,GrammarAndPunctuation,R100000244S,5,Grammar and Punctuation,0,0.00,0.00,22.98,22.03,22.63
21221,5,Reading,R100000244S,5,Reading,7,34.00,538.33,19.38,22.21,20.19
21221,5,Numeracy,R100000244S,5,Numeracy,6,32.00,531.67,21.05,21.14,22.63
21218,9,Spelling,R100000152G,9,Spelling,8,16.00,601.00,20.59,19.09,22.02
21218,9,Writing,R100000152G,9,Writing,6,0.00,505.00,18.42,22.23,20.17
21218,9,GrammarAndPunctuation,R100000152G,9,Grammar and Punctuation,8,16.00,601.00,22.16,21.67,20.14
21218,9,Reading,R100000152G,9,Reading,8,35.00,614.38,19.55,21.90,21.54
21218,9,Numeracy,R100000152G,9,Numeracy,8,33.00,608.12,21.96,20.63,19.96
21218,7,Numeracy,R100000154P,7,Numeracy,7,33.00,578.12,20.40,21.44,18.02
21218,7,Writing,R100000154P,7,Writing,9,1.00,625.00,22.62,21.94,22.43
21218,7,Spelling,R100000154P,7,Spelling,7,18.00,583.00,18.17,20.69,21.78
21218,7,Reading,R100000154P,7,Reading,7,28.00,562.50,19.56,19.49,22.04
21218,7,GrammarAndPunctuation,R100000154P,7,Grammar and Punctuation,7,18.00,583.00,18.01,18.80,20.69
21214,3,GrammarAndPunctuation,R100000055S,3,Grammar and Punctuation,5,16.00,411.00,22.62,19.98,22.28
21214,3,Reading,R100000055S,3,Reading,5,24.00,407.31,20.56,18.72,19.82
21214,3,Numeracy,R100000055S,3,Numeracy,5,29.00,426.54,19.65,19.07,20.75
21218,9,Spelling,R100000165M,9,Spelling,9,19.00,619.00,21.12,18.80,19.39
21218,9,GrammarAndPunctuation,R100000165M,9,Grammar and Punctuation,0,0.00,0.00,20.96,19.14,21.84
21218,9,Reading,R100000165M,9,Reading,9,37.00,620.62,21.42,18.07,18.63
21218,9,Numeracy,R100000165M,9,Numeracy,8,44.00,608.12,20.20,19.39,21.64
21216,5,GrammarAndPunctuation,R100000120D,5,Grammar and Punctuation,6,16.00,521.00,21.19,18.79,20.17
21216,5,Numeracy,R100000120D,5,Numeracy,6,30.00,525.00,22.21,19.36,21.05
21220,9,Spelling,R100000223E,9,Spelling,8,17.00,607.00,20.33,21.05,21.18
21220,9,Writing,R100000223E,9,Writing,6,0.00,505.00,20.89,20.81,20.62
21220,9,GrammarAndPunctuation,R100000223E,9,Grammar and Punctuation,8,15.00,595.00,19.59,21.75,18.82
21220,9,Reading,R100000223E,9,Reading,8,30.00,598.75,18.84,22.55,18.27
21220,9,Numeracy,R100000223E,9,Numeracy,8,41.00,601.09,20.53,20.77,22.82
21216,7,Numeracy,R100000124E,7,Numeracy,8,37.00,590.62,18.75,19.93,21.42
21216,7,Writing,R100000124E,7,Writing,9,1.00,625.00,22.34,20.85,18.65
21216,7,Spelling,R100000124E,7,Spelling,8,20.00,595.00,18.87,19.35,21.62
21216,7,Reading,R100000124E,7,Reading,7,30.00,568.75,19.49,18.48,20.74
21216,7,GrammarAndPunctuation,R100000124E,7,Grammar and Punctuation,7,18.00,583.00,20.77,20.77,20.37
21219,9,GrammarAndPunctuation,R100000181E,9,Grammar and Punctuation,9,21.00,631.00,20.36,20.80,18.38
21219,9,Reading,R100000181E,9,Reading,9,38.00,623.75,21.06,21.55,19.99
21219,9,Numeracy,R100000181E,9,Numeracy,9,50.00,622.19,19.99,22.30,19.94
21213,3,GrammarAndPunctuation,R100000039E,3,Grammar and Punctuation,0,0.00,0.00,22.14,21.98,21.22
21213,3,Numeracy,R100000039E,3,Numeracy,5,20.00,391.92,19.58,19.82,22.85
21213,3,Spelling,R100000039E,3,Spelling,5,15.00,405.00,22.22,19.25,18.56
21216,9,Spelling,R100000104K,9,Spelling,8,16.00,601.00,20.98,20.91,20.73
21216,9,Writing,R100000104K,9,Writing,10,1.00,655.00,18.60,18.95,22.66
21216,9,GrammarAndPunctuation,R100000104K,9,Grammar and Punctuation,9,19.00,619.00,18.90,22.35,19.29
21216,9,Reading,R100000104K,9,Reading,9,37.00,620.62,21.95,22.38,18.70
21216,9,Numeracy,R100000104K,9,Numeracy,8,46.00,612.81,18.36,19.67,18.11
21218,9,Spelling,R100000164S,9,Spelling,9,19.00,619.00,18.49,22.85,22.86
21218,9,Writing,R100000164S,9,Writing,10,1.00,655.00,20.54,19.26,20.01
21218,9,GrammarAndPunctuation,R100000164S,9,Grammar and Punctuation,8,17.00,607.00,22.87,22.96,18.64
21218,9,Reading,R100000164S,9,Reading,8,33.00,608.12,19.21,22.62,22.08
21218,9,Numeracy,R100000164S,9,Numeracy,8,34.00,611.25,19.95,20.41,22.70
21219,9,Spelling,R100000189M,9,Spelling,8,15.00,595.00,19.11,22.03,21.57
21219,9,Writing,R100000189M,9,Writing,10,1.00,655.00,22.80,21.41,21.22
21219,9,GrammarAndPunctuation,R100000189M,9,Grammar and Punctuation,9,21.00,631.00,22.87,20.58,20.01
21219,9,Reading,R100000189M,9,Reading,8,33.00,608.12,21.45,21.85,20.37
21219,9,Numeracy,R100000189M,9,Numeracy,8,33.00,608.12,18.13,19.72,19.25
21218,9,Spelling,R100000159S,9,Spelling,9,19.00,619.00,18.56,22.38,18.79
21218,9,Writing,R100000159S,9,Writing,6,0.00,505.00,18.00,22.95,18.04
21218,9,GrammarAndPunctuation,R100000159S,9,Grammar and Punctuation,9,19.00,619.00,21.12,22.64,18.42
21218,9,Reading,R100000159S,9,Reading,8,31.00,601.88,19.51,20.46,22.01
21218,9,Numeracy,R100000159S,9,Numeracy,8,33.00,608.12,20.17,21.63,21.61
21219,9,Writing,R100000196D,9,Writing,10,1.00,655.00,19.58,20.86,21.97
21219,9,GrammarAndPunctuation,R100000196D,9,Grammar and Punctuation,9,19.00,619.00,20.29,21.04,20.68
21219,9,Reading,R100000196D,9,Reading,8,33.00,608.12,22.14,19.31,18.01
21219,9,Numeracy,R100000196D,9,Numeracy,8,45.00,610.47,18.33,22.81,20.65
21216,5,Spelling,R100000103R,5,Spelling,6,17.00,527.00,18.24,20.89,21.31
21216,5,Writing,R100000103R,5,Writing,4,0.00,425.00,22.14,19.02,19.01
21216,5,GrammarAndPunctuation,R100000103R,5,Grammar and Punctuation,6,18.00,533.00,18.01,18.37,21.12
21216,5,Reading,R100000103R,5,Reading,6,31.00,528.33,22.13,20.36,20.07
21216,5,Numeracy,R100000103R,5,Numeracy,6,33.00,535.00,21.94,22.65,20.00
21212,5,Spelling,R100000022S,5,Spelling,6,17.00,527.00,21.70,22.34,19.82
21212,5,Writing,R100000022S,5,Writing,4,0.00,425.00,19.21,20.48,20.09
21212,5,GrammarAndPunctuation,R100000022S,5,Grammar and Punctuation,7,20.00,545.00,20.59,21.75,20.14
21212,5,Reading,R100000022S,5,Reading,6,31.00,528.33,22.29,21.61,21.63
21216,7,Numeracy,R100000118K,7,Numeracy,7,33.00,578.12,22.43,22.95,20.47
21216,7,Writing,R100000118K,7,Writing,5,0.00,475.00,22.34,20.59,19.13
21216,7,Spelling,R100000118K,7,Spelling,8,20.00,595.00,22.15,21.66,19.81
21216,7,GrammarAndPunctuation,R100000118K,7,Grammar and Punctuation,0,0.00,0.00,18.27,21.93,18.85
21219,7,Writing,R100000182D,7,Writing,9,1.00,625.00,20.72,21.02,21.74
21219,7,Spelling,R100000182D,7,Spelling,7,18.00,583.00,18.93,22.60,18.43
21219,7,GrammarAndPunctuation,R100000182D,7,Grammar and Punctuation,0,0.00,0.00,19.51,19.64,18.38
21213,5,Spelling,R100000046A,5,Spelling,6,18.00,533.00,18.68,22.01,20.77
21213,5,Writing,R100000046A,5,Writing,4,0.00,425.00,21.69,19.25,18.91
21213,5,Reading,R100000046A,5,Reading,6,32.00,531.67,20.86,20.65,19.14
21213,5,Numeracy,R100000046A,5,Numeracy,6,31.00,528.33,22.66,21.97,18.25
21215,7,Writing,R100000097D,7,Writing,9,1.00,625.00,18.62,18.66,19.19
21215,7,Spelling,R100000097D,7,Spelling,7,17.00,577.00,21.09,22.40,22.22
21215,7,Reading,R100000097D,7,Reading,7,34.00,581.25,19.41,20.52,18.40
21215,7,GrammarAndPunctuation,R100000097D,7,Grammar and Punctuation,7,15.00,565.00,20.07,22.62,21.06
21212,5,Spelling,R100000003S,5,Spelling,7,21.00,551.00,19.59,19.86,22.16
21212,5,Writing,R100000003S,5,Writing,8,1.00,575.00,22.37,19.99,22.60
21212,5,GrammarAndPunctuation,R100000003S,5,Grammar and Punctuation,6,16.00,521.00,19.20,21.55,22.23
21212,5,Reading,R100000003S,5,Reading,6,32.00,531.67,19.37,20.52,22.14
21217,3,GrammarAndPunctuation,R100000149P,3,Grammar and Punctuation,0,0.00,0.00,22.10,20.32,21.88
21217,3,Reading,R100000149P,3,Reading,5,27.00,418.85,20.91,18.99,22.01
21217,3,Numeracy,R100000149P,3,Numeracy,5,26.00,415.00,18.71,22.95,21.45
21217,3,Spelling,R100000149P,3,Spelling,5,18.00,423.00,22.03,18.89,19.51
21216,9,Spelling,R100000101D,9,Spelling,8,17.00,607.00,20.70,19.27,20.98
21216,9,Writing,R100000101D,9,Writing,6,0.00,505.00,20.18,21.33,18.90
21216,9,Reading,R100000101D,9,Reading,9,37.00,620.62,21.44,18.25,21.12
21216,9,Numeracy,R100000101D,9,Numeracy,8,29.00,595.62,18.99,20.85,20.58
21216,9,Writing,R100000100E,9,Writing,10,1.00,655.00,21.91,20.65,21.81
21216,9,Reading,R100000100E,9,Reading,8,34.00,611.25,19.13,21.47,18.75
21216,9,Numeracy,R100000100E,9,Numeracy,8,35.00,614.38,19.65,18.11,20.68
21213,3,GrammarAndPunctuation,R100000043K,3,Grammar and Punctuation,5,17.00,417.00,19.15,20.10,20.48
21213,3,Reading,R100000043K,3,Reading,5,28.00,422.69,19.40,20.19,22.18
21213,3,Spelling,R100000043K,3,Spelling,6,20.00,435.00,19.12,19.53,20.34
21214,3,GrammarAndPunctuation,R100000063E,3,Grammar and Punctuation,5,18.00,423.00,19.59,20.52,21.67
21214,3,Reading,R100000063E,3,Reading,5,25.00,411.15,20.87,20.03,20.28
21214,3,Spelling,R100000063E,3,Spelling,5,17.00,417.00,19.65,19.22,21.67
21216,5,Spelling,R100000102S,5,Spelling,7,19.00,539.00,20.06,19.83,19.12
21216,5,Writing,R100000102S,5,Writing,4,0.00,425.00,19.75,18.36,19.80
21216,5,GrammarAndPunctuation,R100000102S,5,Grammar and Punctuation,7,19.00,539.00,18.49,21.08,18.29
21216,5,Reading,R100000102S,5,Reading,6,33.00,535.00,22.55,20.60,21.06
21216,5,Numeracy,R100000102S,5,Numeracy,6,32.00,531.67,19.28,22.72,21.72
21214,3,GrammarAndPunctuation,R100000056R,3,Grammar and Punctuation,6,19.00,429.00,19.51,21.75,19.12
21214,3,Reading,R100000056R,3,Reading,5,26.00,415.00,18.16,20.61,18.83
21219,7,Numeracy,R100000177D,7,Numeracy,7,45.00,580.47,22.91,18.90,20.45
21219,7,Writing,R100000177D,7,Writing,9,1.00,625.00,21.23,19.08,22.84
21219,7,Spelling,R100000177D,7,Spelling,7,17.00,577.00,22.93,18.34,21.37
21219,7,Reading,R100000177D,7,Reading,7,34.00,581.25,18.14,22.10,21.19
21219,7,GrammarAndPunctuation,R100000177D,7,Grammar and Punctuation,7,17.00,577.00,18.91,19.27,19.00
21215,3,GrammarAndPunctuation,R100000093P,3,Grammar and Punctuation,0,0.00,0.00,20.28,22.75,20.87
21215,3,Numeracy,R100000093P,3,Numeracy,5,24.00,407.31,19.73,21.53,20.87
21215,3,Spelling,R100000093P,3,Spelling,6,20.00,435.00,22.56,21.62,22.40
21219,9,Spelling,R100000188A,9,Spelling,9,20.00,625.00,18.82,20.19,21.30
21219,9,Writing,R100000188A,9,Writing,6,0.00,505.00,18.01,20.41,21.99
21219,9,GrammarAndPunctuation,R100000188A,9,Grammar and Punctuation,9,19.00,619.00,18.28,18.54,20.33
21219,9,Reading,R100000188A,9,Reading,8,30.00,598.75,22.86,21.96,20.94
21219,9,Numeracy,R100000188A,9,Numeracy,8,46.00,612.81,20.63,18.51,22.86
21218,7,Numeracy,R100000170M,7,Numeracy,7,32.00,575.00,20.74,21.03,19.07
21218,7,Writing,R100000170M,7,Writing,5,0.00,475.00,18.15,18.70,20.36
21218,7,Spelling,R100000170M,7,Spelling,7,15.00,565.00,22.94,22.18,20.36
21218,7,GrammarAndPunctuation,R100000170M,7,Grammar and Punctuation,7,16.00,571.00,18.38,21.47,18.39
21215,7,Numeracy,R100000090M,7,Numeracy,8,53.00,599.22,20.09,20.07,20.88
21215,7,Reading,R100000090M,7,Reading,8,36.00,587.50,20.40,21.98,22.99
21215,7,GrammarAndPunctuation,R100000090M,7,Grammar and Punctuation,0,0.00,0.00,21.60,18.37,22.66
21221,7,Numeracy,R100000241K,7,Numeracy,7,45.00,580.47,20.69,19.24,20.93
21221,7,Spelling,R100000241K,7,Spelling,7,18.00,583.00,18.57,19.09,18.21
21221,7,Reading,R100000241K,7,Reading,7,32.00,575.00,20.77,18.51,22.49
21221,7,GrammarAndPunctuation,R100000241K,7,Grammar and Punctuation,8,20.00,595.00,20.17,22.73,21.90
21221,9,Spelling,R100000230A,9,Spelling,8,18.00,613.00,22.40,19.86,22.25
21221,9,Writing,R100000230A,9,Writing,10,1.00,655.00,20.13,18.27,18.64
21221,9,GrammarAndPunctuation,R100000230A,9,Grammar and Punctuation,9,20.00,625.00,19.40,22.93,19.13
21221,9,Reading,R100000230A,9,Reading,9,41.00,633.12,22.11,20.57,18.59
21221,9,Numeracy,R100000230A,9,Numeracy,8,47.00,615.16,19.06,18.01,20.04
21219,7,Numeracy,R100000184R,7,Numeracy,8,50.00,592.19,22.46,20.80,18.48
21219,7,Writing,R100000184R,7,Writing,5,0.00,475.00,22.74,18.95,20.75
21219,7,Spelling,R100000184R,7,Spelling,7,18.00,583.00,18.21,22.90,20.89
21219,7,Reading,R100000184R,7,Reading,7,31.00,571.88,20.81,22.24,21.05
21219,7,GrammarAndPunctuation,R100000184R,7,Grammar and Punctuation,7,13.00,553.00,22.19,21.07,18.70
21212,3,GrammarAndPunctuation,R100000007P,3,Grammar and Punctuation,0,0.00,0.00,21.05,19.51,20.93
21212,3,Spelling,R100000007P,3,Spelling,5,18.00,423.00,22.14,18.54,22.92
21218,7,Numeracy,R100000168P,7,Numeracy,7,33.00,578.12,22.32,20.81,18.37
21218,7,Writing,R100000168P,7,Writing,9,1.00,625.00,19.72,20.39,19.08
21218,7,Spelling,R100000168P,7,Spelling,7,17.00,577.00,21.54,22.89,18.23
21218,7,GrammarAndPunctuation,R100000168P,7,Grammar and Punctuation,0,0.00,0.00,22.63,18.26,18.02
21213,5,Writing,R100000036S,5,Writing,8,1.00,575.00,19.62,19.45,19.26
21213,5,GrammarAndPunctuation,R100000036S,5,Grammar and Punctuation,0,0.00,0.00,20.61,21.90,21.13
21213,5,Reading,R100000036S,5,Reading,7,35.00,541.67,19.50,19.36,21.25
21213,5,Numeracy,R100000036S,5,Numeracy,7,40.00,558.33,19.12,19.87,20.92
21218,9,GrammarAndPunctuation,R100000153H,9,Grammar and Punctuation,8,15.00,595.00,21.47,20.81,21.79
21218,9,Reading,R100000153H,9,Reading,9,38.00,623.75,19.60,22.09,18.13
21218,9,Numeracy,R100000153H,9,Numeracy,8,46.00,612.81,21.90,18.95,18.98
21220,7,Writing,R100000220S,7,Writing,9,1.00,625.00,20.06,20.77,22.43
21220,7,Spelling,R100000220S,7,Spelling,7,16.00,571.00,21.41,21.37,21.29
21217,9,Spelling,R100000131A,9,Spelling,9,19.00,619.00,21.22,18.84,19.64
21217,9,Writing,R100000131A,9,Writing,10,1.00,655.00,21.33,21.32,18.81
21217,9,GrammarAndPunctuation,R100000131A,9,Grammar and Punctuation,0,0.00,0.00,22.23,21.65,19.97
21217,9,Numeracy,R100000131A,9,Numeracy,8,47.00,615.16,19.05,21.97,19.46
21218,9,Spelling,R100000167H,9,Spelling,9,21.00,631.00,21.37,19.13,18.80
21218,9,Writing,R100000167H,9,Writing,10,1.00,655.00,22.85,18.38,20.68
21218,9,GrammarAndPunctuation,R100000167H,9,Grammar and Punctuation,8,16.00,601.00,21.17,20.96,19.89
21218,9,Reading,R100000167H,9,Reading,8,34.00,611.25,19.80,20.77,20.73
21218,9,Numeracy,R100000167H,9,Numeracy,8,34.00,611.25,20.84,19.05,20.80
21218,7,Numeracy,R100000158D,7,Numeracy,7,43.00,575.78,22.32,18.44,20.95
21218,7,Writing,R100000158D,7,Writing,5,0.00,475.00,19.14,22.34,20.54
21218,7,Spelling,R100000158D,7,Spelling,7,15.00,565.00,21.79,18.70,22.11
21218,7,Reading,R100000158D,7,Reading,7,30.00,568.75,18.96,19.47,18.32
21218,7,GrammarAndPunctuation,R100000158D,7,Grammar and Punctuation,7,14.00,559.00,18.60,22.34,22.73
21217,7,Numeracy,R100000139D,7,Numeracy,7,42.00,573.44,19.63,21.81,19.43
21217,7,Writing,R100000139D,7,Writing,5,0.00,475.00,19.94,18.18,22.78
21217,7,Spelling,R100000139D,7,Spelling,7,16.00,571.00,19.94,18.06,19.76
21217,7,Reading,R100000139D,7,Reading,7,28.00,562.50,20.63,18.68,21.41
21217,7,GrammarAndPunctuation,R100000139D,7,Grammar and Punctuation,7,17.00,577.00,21.64,19.09,21.84
21221,5,Spelling,R100000246G,5,Spelling,6,18.00,533.00,21.33,18.59,22.83
21221,5,Writing,R100000246G,5,Writing,4,0.00,425.00,19.46,19.65,19.29
21221,5,GrammarAndPunctuation,R100000246G,5,Grammar and Punctuation,6,17.00,527.00,22.01,22.48,18.42
21221,5,Reading,R100000246G,5,Reading,6,31.00,528.33,19.93,19.90,20.67
21221,5,Numeracy,R100000246G,5,Numeracy,6,31.00,528.33,20.73,20.37,20.42
21217,3,Reading,R100000143E,3,Reading,5,24.00,407.31,18.11,18.40,20.69
21217,3,Numeracy,R100000143E,3,Numeracy,5,28.00,422.69,21.51,20.90,21.53
21217,3,Spelling,R100000143E,3,Spelling,5,18.00,423.00,21.26,18.26,19.11
21219,7,Numeracy,R100000178S,7,Numeracy,8,40.00,600.00,18.62,20.48,22.62
21219,7,Writing,R100000178S,7,Writing,9,1.00,625.00,19.52,21.27,21.26
21219,7,Spelling,R100000178S,7,Spelling,8,19.00,589.00,22.24,18.89,19.76
21219,7,Reading,R100000178S,7,Reading,7,32.00,575.00,20.74,19.69,21.77
21219,7,GrammarAndPunctuation,R100000178S,7,Grammar and Punctuation,7,18.00,583.00,22.70,21.93,19.41
21221,3,GrammarAndPunctuation,R100000225A,3,Grammar and Punctuation,5,18.00,423.00,21.77,18.50,22.32
21221,3,Reading,R100000225A,3,Reading,5,25.00,411.15,21.07,22.35,19.28
21221,3,Numeracy,R100000225A,3,Numeracy,6,30.00,430.38,20.65,18.66,22.52
21221,3,Spelling,R100000225A,3,Spelling,5,18.00,423.00,18.65,18.78,22.58
21216,3,GrammarAndPunctuation,R100000112A,3,Grammar and Punctuation,6,19.00,429.00,19.61,22.47,18.75
21216,3,Reading,R100000112A,3,Reading,5,23.00,403.46,21.13,22.44,19.53
21216,3,Numeracy,R100000112A,3,Numeracy,5,25.00,411.15,22.24,19.40,20.73
21217,7,Numeracy,R100000137K,7,Numeracy,7,45.00,580.47,21.76,19.36,19.36
21217,7,Writing,R100000137K,7,Writing,5,0.00,475.00,18.45,21.45,22.02
21217,7,Spelling,R100000137K,7,Spelling,8,20.00,595.00,22.70,19.60,22.77
21217,7,Reading,R100000137K,7,Reading,7,33.00,578.12,22.82,20.75,21.46
21217,7,GrammarAndPunctuation,R100000137K,7,Grammar and Punctuation,8,21.00,601.00,22.55,22.49,21.73
21213,3,GrammarAndPunctuation,R100000026P,3,Grammar and Punctuation,0,0.00,0.00,22.40,18.24,18.46
21213,3,Reading,R100000026P,3,Reading,5,28.00,422.69,19.04,21.25,20.05
21213,3,Numeracy,R100000026P,3,Numeracy,5,25.00,411.15,22.25,20.23,22.65
21213,3,Spelling,R100000026P,3,Spelling,6,20.00,435.00,20.22,20.18,21.83
21218,9,Spelling,R100000173P,9,Spelling,8,17.00,607.00,18.53,22.62,22.15
21218,9,Writing,R100000173P,9,Writing,10,1.00,655.00,22.44,21.09,19.07
21218,9,GrammarAndPunctuation,R100000173P,9,Grammar and Punctuation,8,18.00,613.00,22.62,20.09,22.77
21218,9,Reading,R100000173P,9,Reading,8,32.00,605.00,18.96,22.61,22.98
21216,7,Numeracy,R100000119E,7,Numeracy,7,43.00,575.78,18.16,22.45,20.55
21216,7,Writing,R100000119E,7,Writing,5,0.00,475.00,21.63,18.96,22.48
21216,7,Spelling,R100000119E,7,Spelling,8,21.00,601.00,21.44,21.44,20.51
21216,7,Reading,R100000119E,7,Reading,7,30.00,568.75,21.48,18.72,21.38
21216,7,GrammarAndPunctuation,R100000119E,7,Grammar and Punctuation,6,11.00,541.00,18.20,18.27,21.97
21215,9,Spelling,R100000085M,9,Spelling,9,20.00,625.00,20.44,21.03,19.90
21215,9,Writing,R100000085M,9,Writing,6,0.00,505.00,19.62,21.32,19.47
21215,9,GrammarAndPunctuation,R100000085M,9,Grammar and Punctuation,9,21.00,631.00,18.42,21.52,20.92
21215,9,Reading,R100000085M,9,Reading,8,35.00,614.38,20.77,22.08,20.81
21215,9,Numeracy,R100000085M,9,Numeracy,8,45.00,610.47,18.96,19.36,19.48
21213,5,Spelling,R100000049H,5,Spelling,6,14.00,509.00,20.38,22.37,22.14
21213,5,Writing,R100000049H,5,Writing,8,1.00,575.00,22.72,18.46,21.49
21213,5,GrammarAndPunctuation,R100000049H,5,Grammar and Punctuation,0,0.00,0.00,18.37,19.57,21.83
21213,5,Reading,R100000049H,5,Reading,6,32.00,531.67,18.14,21.36,19.99
21214,5,GrammarAndPunctuation,R100000065A,5,Grammar and Punctuation,6,13.00,503.00,22.48,19.69,21.84
21214,5,Reading,R100000065A,5,Reading,6,31.00,528.33,18.79,19.57,18.21
21214,5,Numeracy,R100000065A,5,Numeracy,6,31.00,528.33,20.10,18.77,19.28
21218,9,Spelling,R100000161K,9,Spelling,8,16.00,601.00,19.30,19.87,20.59
21218,9,Writing,R100000161K,9,Writing,10,1.00,655.00,22.76,18.82,21.35
21218,9,GrammarAndPunctuation,R100000161K,9,Grammar and Punctuation,8,16.00,601.00,20.71,19.07,20.73
21218,9,Reading,R100000161K,9,Reading,8,31.00,601.88,20.82,19.97,19.67
21218,9,Numeracy,R100000161K,9,Numeracy,8,41.00,601.09,19.86,20.12,18.70
21220,9,Spelling,R100000213G,9,Spelling,9,20.00,625.00,21.76,19.87,22.04
21220,9,Writing,R100000213G,9,Writing,10,1.00,655.00,21.25,21.40,20.75
21220,9,GrammarAndPunctuation,R100000213G,9,Grammar and Punctuation,8,15.00,595.00,22.11,19.01,18.63
21220,9,Reading,R100000213G,9,Reading,8,35.00,614.38,18.41,20.60,22.29
21220,9,Numeracy,R100000213G,9,Numeracy,8,40.00,598.75,19.80,21.54,18.87
21220,9,Spelling,R100000204E,9,Spelling,9,21.00,631.00,20.77,19.04,22.55
21220,9,Writing,R100000204E,9,Writing,10,1.00,655.00,19.51,20.38,21.62
21220,9,GrammarAndPunctuation,R100000204E,9,Grammar and Punctuation,9,19.00,619.00,20.08,21.67,20.48
21220,9,Reading,R100000204E,9,Reading,9,39.00,626.88,22.34,21.21,21.11
21220,9,Numeracy,R100000204E,9,Numeracy,9,50.00,622.19,22.21,20.74,22.06
21216,5,Writing,R100000122R,5,Writing,4,0.00,425.00,22.98,22.67,18.04
21216,5,Reading,R100000122R,5,Reading,7,36.00,545.00,19.74,19.88,21.72
21216,5,Numeracy,R100000122R,5,Numeracy,7,36.00,545.00,20.73,21.08,18.17
21213,3,GrammarAndPunctuation,R100000031P,3,Grammar and Punctuation,6,20.00,435.00,19.04,22.02,22.18
21213,3,Reading,R100000031P,3,Reading,5,25.00,411.15,22.36,22.85,21.49
21213,3,Numeracy,R100000031P,3,Numeracy,5,29.00,426.54,20.09,21.86,19.90
21215,3,Reading,R100000091G,3,Reading,5,27.00,418.85,18.71,20.58,18.21
21215,3,Numeracy,R100000091G,3,Numeracy,5,23.00,403.46,20.63,22.34,18.33
21215,3,Spelling,R100000091G,3,Spelling,6,21.00,441.00,20.07,19.18,22.17
21220,7,Numeracy,R100000212M,7,Numeracy,7,45.00,580.47,22.08,21.05,21.73
21220,7,Writing,R100000212M,7,Writing,5,0.00,475.00,18.14,19.59,18.20
21220,7,Spelling,R100000212M,7,Spelling,7,17.00,577.00,20.53,20.19,18.17
21220,7,Reading,R100000212M,7,Reading,7,33.00,578.12,21.06,22.10,18.22
21220,7,GrammarAndPunctuation,R100000212M,7,Grammar and Punctuation,7,17.00,577.00,22.52,20.22,19.22
21215,9,Writing,R100000095K,9,Writing,10,1.00,655.00,20.52,21.40,18.05
21215,9,GrammarAndPunctuation,R100000095K,9,Grammar and Punctuation,9,19.00,619.00,20.39,22.21,19.11
21215,9,Reading,R100000095K,9,Reading,9,37.00,620.62,21.23,21.13,21.27
21219,7,Numeracy,R100000187P,7,Numeracy,7,45.00,580.47,20.03,18.17,18.24
21219,7,Spelling,R100000187P,7,Spelling,7,17.00,577.00,20.89,18.19,19.38
21219,7,Reading,R100000187P,7,Reading,7,32.00,575.00,21.99,19.62,18.50
21219,7,GrammarAndPunctuation,R100000187P,7,Grammar and Punctuation,7,18.00,583.00,20.38,19.04,22.14
21214,5,Spelling,R100000073H,5,Spelling,7,20.00,545.00,20.66,18.58,18.22
21214,5,Writing,R100000073H,5,Writing,4,0.00,425.00,18.10,18.97,19.14
21214,5,GrammarAndPunctuation,R100000073H,5,Grammar and Punctuation,6,18.00,533.00,22.52,20.93,19.12
21214,5,Reading,R100000073H,5,Reading,6,31.00,528.33,21.10,18.31,20.96
21214,5,Numeracy,R100000073H,5,Numeracy,7,35.00,541.67,18.15,19.05,19.56
21213,3,GrammarAndPunctuation,R100000045P,3,Grammar and Punctuation,5,17.00,417.00,21.85,18.33,22.40
21213,3,Reading,R100000045P,3,Reading,6,32.00,438.08,20.16,20.23,19.87
21213,3,Numeracy,R100000045P,3,Numeracy,5,28.00,422.69,19.10,22.14,21.19
21213,3,Spelling,R100000045P,3,Spelling,5,17.00,417.00,20.70,18.09,21.98
21212,5,Spelling,R100000014M,5,Spelling,6,18.00,533.00,19.66,18.63,18.44
21212,5,GrammarAndPunctuation,R100000014M,5,Grammar and Punctuation,0,0.00,0.00,22.89,19.20,18.68
21212,5,Reading,R100000014M,5,Reading,6,29.00,521.67,19.81,22.30,19.28
21221,7,Numeracy,R100000242E,7,Numeracy,7,43.00,575.78,18.02,22.72,21.90
21221,7,Spelling,R100000242E,7,Spelling,7,15.00,565.00,20.00,22.62,19.62
21221,7,Reading,R100000242E,7,Reading,7,29.00,565.62,19.66,21.07,19.13
21221,3,GrammarAndPunctuation,R100000239S,3,Grammar and Punctuation,5,15.00,405.00,18.66,20.56,22.24
21221,3,Reading,R100000239S,3,Reading,5,27.00,418.85,22.44,18.67,21.07
21221,3,Numeracy,R100000239S,3,Numeracy,5,25.00,411.15,22.86,19.64,19.13
21221,3,Spelling,R100000239S,3,Spelling,6,21.00,441.00,20.51,21.20,22.22
21214,3,GrammarAndPunctuation,R100000067G,3,Grammar and Punctuation,0,0.00,0.00,18.68,20.09,21.39
21214,3,Reading,R100000067G,3,Reading,5,27.00,418.85,22.55,22.50,19.19
21214,3,Numeracy,R100000067G,3,Numeracy,5,26.00,415.00,22.33,21.99,18.13
21215,5,Spelling,R100000082E,5,Spelling,6,13.00,503.00,21.02,22.55,21.53
21215,5,GrammarAndPunctuation,R100000082E,5,Grammar and Punctuation,6,16.00,521.00,21.85,18.11,19.71
21215,5,Reading,R100000082E,5,Reading,6,30.00,525.00,19.74,20.95,22.10
21215,5,Numeracy,R100000082E,5,Numeracy,7,35.00,541.67,18.46,20.81,22.72
21220,7,Numeracy,R100000216R,7,Numeracy,7,35.00,584.38,19.93,18.42,22.03
21220,7,Writing,R100000216R,7,Writing,9,1.00,625.00,20.16,21.56,22.57
21220,7,Spelling,R100000216R,7,Spelling,7,17.00,577.00,21.17,22.77,20.34
21220,7,Reading,R100000216R,7,Reading,7,32.00,575.00,19.68,22.79,20.83
21220,7,GrammarAndPunctuation,R100000216R,7,Grammar and Punctuation,7,15.00,565.00,21.75,21.99,18.92
21218,7,Numeracy,R100000169A,7,Numeracy,7,41.00,571.09,20.10,18.98,20.18
21218,7,Writing,R100000169A,7,Writing,9,1.00,625.00,21.89,22.88,19.69
21218,7,GrammarAndPunctuation,R100000169A,7,Grammar and Punctuation,0,0.00,0.00,19.39,20.01,20.87
21218,9,Writing,R100000151M,9,Writing,10,1.00,655.00,20.06,19.66,18.80
21218,9,GrammarAndPunctuation,R100000151M,9,Grammar and Punctuation,8,13.00,583.00,20.23,22.88,21.58
21218,9,Reading,R100000151M,9,Reading,9,37.00,620.62,19.95,21.80,18.07
21218,9,Spelling,R100000174A,9,Spelling,9,19.00,619.00,19.87,20.84,22.99
21218,9,Writing,R100000174A,9,Writing,10,1.00,655.00,20.17,20.71,22.64
21218,9,GrammarAndPunctuation,R100000174A,9,Grammar and Punctuation,8,17.00,607.00,20.54,19.03,18.54
21218,9,Reading,R100000174A,9,Reading,9,36.00,617.50,21.90,22.45,22.53
21218,9,Numeracy,R100000174A,9,Numeracy,8,33.00,608.12,18.05,22.11,20.12
21212,5,Spelling,R100000015E,5,Spelling,7,21.00,551.00,19.43,18.99,22.83
21212,5,Writing,R100000015E,5,Writing,8,1.00,575.00,20.85,18.60,22.37
21212,5,GrammarAndPunctuation,R100000015E,5,Grammar and Punctuation,0,0.00,0.00,18.25,21.32,22.69
21212,5,Numeracy,R100000015E,5,Numeracy,6,33.00,535.00,20.11,19.14,22.42
21221,5,Spelling,R100000243D,5,Spelling,6,18.00,533.00,22.02,18.97,22.74
21221,5,GrammarAndPunctuation,R100000243D,5,Grammar and Punctuation,6,18.00,533.00,18.50,21.35,18.75
21221,5,Reading,R100000243D,5,Reading,6,32.00,531.67,21.82,21.33,20.19
21221,5,Numeracy,R100000243D,5,Numeracy,7,34.00,538.33,18.52,19.35,22.22
21219,9,Spelling,R100000183S,9,Spelling,9,20.00,625.00,18.08,19.32,21.26
21219,9,Writing,R100000183S,9,Writing,6,0.00,505.00,18.75,19.82,21.88
21219,9,GrammarAndPunctuation,R100000183S,9,Grammar and Punctuation,8,16.00,601.00,18.72,21.17,22.17
21219,9,Reading,R100000183S,9,Reading,9,36.00,617.50,20.88,19.29,18.94
21219,9,Numeracy,R100000183S,9,Numeracy,9,48.00,617.50,22.48,20.05,21.41
21215,7,Numeracy,R100000078D,7,Numeracy,7,41.00,571.09,18.14,21.19,20.57
21215,7,Spelling,R100000078D,7,Spelling,7,17.00,577.00,20.14,22.13,19.91
21215,7,Reading,R100000078D,7,Reading,8,38.00,593.75,19.39,18.85,20.27
21215,7,GrammarAndPunctuation,R100000078D,7,Grammar and Punctuation,8,20.00,595.00,19.99,19.73,19.16
21221,9,Spelling,R100000229P,9,Spelling,8,16.00,601.00,19.52,18.27,18.50
21221,9,Writing,R100000229P,9,Writing,10,1.00,655.00,20.55,22.89,20.02
21221,9,GrammarAndPunctuation,R100000229P,9,Grammar and Punctuation,9,21.00,631.00,22.26,18.18,21.28
21221,9,Reading,R100000229P,9,Reading,8,31.00,601.88,21.30,21.08,20.30
21221,9,Numeracy,R100000229P,9,Numeracy,8,29.00,595.62,18.15,20.10,22.62
21212,5,Spelling,R100000001E,5,Spelling,6,17.00,527.00,21.20,22.08,21.51
21212,5,Writing,R100000001E,5,Writing,8,1.00,575.00,18.16,18.88,19.56
21212,5,GrammarAndPunctuation,R100000001E,5,Grammar and Punctuation,7,20.00,545.00,20.67,22.71,20.97
21212,5,Reading,R100000001E,5,Reading,6,26.00,511.67,22.60,21.15,22.40
21212,5,Numeracy,R100000001E,5,Numeracy,6,26.00,511.67,21.94,18.37,19.49
21215,7,Numeracy,R100000076K,7,Numeracy,7,42.00,573.44,22.96,20.65,22.12
21215,7,Writing,R100000076K,7,Writing,5,0.00,475.00,20.85,20.62,19.41
21215,7,Reading,R100000076K,7,Reading,8,39.00,596.88,22.54,19.44,22.37
21215,7,GrammarAndPunctuation,R100000076K,7,Grammar and Punctuation,7,16.00,571.00,19.65,19.45,22.82
21217,3,GrammarAndPunctuation,R100000136R,3,Grammar and Punctuation,5,18.00,423.00,18.51,20.95,20.11
21217,3,Reading,R100000136R,3,Reading,5,24.00,407.31,22.65,21.70,21.00
21217,3,Spelling,R100000136R,3,Spelling,5,17.00,417.00,21.32,22.79,21.88
21212,3,GrammarAndPunctuation,R100000016D,3,Grammar and Punctuation,6,19.00,429.00,22.96,20.74,21.71
21212,3,Reading,R100000016D,3,Reading,5,26.00,415.00,18.61,18.22,20.70
21212,3,Numeracy,R100000016D,3,Numeracy,5,26.00,415.00,20.23,19.77,22.94
21212,3,Spelling,R100000016D,3,Spelling,5,17.00,417.00,19.91,22.92,21.37
21218,9,Spelling,R100000162E,9,Spelling,8,14.00,589.00,18.04,19.53,22.33
21218,9,Writing,R100000162E,9,Writing,6,0.00,505.00,19.83,19.47,20.07
21218,9,GrammarAndPunctuation,R100000162E,9,Grammar and Punctuation,0,0.00,0.00,22.99,20.31,19.55
21218,9,Reading,R100000162E,9,Reading,8,33.00,608.12,19.62,18.56,19.90
21221,5,Spelling,R100000245M,5,Spelling,5,12.00,497.00,20.04,19.97,18.53
21221,5,Writing,R100000245M,5,Writing,8,1.00,575.00,19.29,20.57,19.23
21221,5,Reading,R100000245M,5,Reading,6,30.00,525.00,22.96,19.88,22.19
21215,9,Spelling,R100000077E,9,Spelling,8,16.00,601.00,20.63,22.90,20.56
21215,9,Writing,R100000077E,9,Writing,10,1.00,655.00,19.62,20.42,21.52
21215,9,GrammarAndPunctuation,R100000077E,9,Grammar and Punctuation,9,20.00,625.00,21.38,22.70,19.53
21215,9,Reading,R100000077E,9,Reading,8,35.00,614.38,20.35,20.11,21.94
21214,3,GrammarAndPunctuation,R100000066M,3,Grammar and Punctuation,6,20.00,435.00,18.29,18.43,22.09
21214,3,Reading,R100000066M,3,Reading,5,27.00,418.85,22.61,20.98,19.51
21214,3,Numeracy,R100000066M,3,Numeracy,6,32.00,438.08,22.08,19.35,19.91
21214,3,Spelling,R100000066M,3,Spelling,5,16.00,411.00,21.94,20.13,19.46
21219,7,Numeracy,R100000191H,7,Numeracy,7,39.00,566.41,18.26,19.32,19.82
21219,7,Writing,R100000191H,7,Writing,9,1.00,625.00,22.44,18.56,19.08
21219,7,Spelling,R100000191H,7,Spelling,7,14.00,559.00,18.88,22.16,18.16
21219,7,Reading,R100000191H,7,Reading,7,33.00,578.12,22.67,20.65,18.70
21219,7,GrammarAndPunctuation,R100000191H,7,Grammar and Punctuation,8,20.00,595.00,20.95,19.07,18.94
21220,7,Numeracy,R100000202R,7,Numeracy,7,42.00,573.44,18.57,19.61,20.04
21220,7,Spelling,R100000202R,7,Spelling,7,15.00,565.00,22.05,20.27,18.95
21220,7,Reading,R100000202R,7,Reading,7,32.00,575.00,19.24,19.07,20.04
21220,7,GrammarAndPunctuation,R100000202R,7,Grammar and Punctuation,7,17.00,577.00,22.74,22.82,20.08
21214,3,GrammarAndPunctuation,R100000068H,3,Grammar and Punctuation,5,13.00,393.00,21.27,20.13,19.15
21214,3,Reading,R100000068H,3,Reading,6,30.00,430.38,21.22,21.08,20.70
21214,3,Numeracy,R100000068H,3,Numeracy,5,28.00,422.69,21.75,20.27,21.54
21212,3,GrammarAndPunctuation,R100000013A,3,Grammar and Punctuation,5,18.00,423.00,20.25,22.48,22.33
21212,3,Reading,R100000013A,3,Reading,5,25.00,411.15,18.15,19.69,21.02
21212,3,Numeracy,R100000013A,3,Numeracy,5,26.00,415.00,21.85,19.11,21.82
21212,3,Spelling,R100000013A,3,Spelling,6,20.00,435.00,22.11,22.84,20.11
21214,5,Spelling,R100000058E,5,Spelling,7,19.00,539.00,21.98,21.80,22.42
21214,5,Writing,R100000058E,5,Writing,8,1.00,575.00,22.47,21.51,21.14
21214,5,Reading,R100000058E,5,Reading,6,32.00,531.67,22.81,18.77,20.33
21214,5,Numeracy,R100000058E,5,Numeracy,6,27.00,515.00,19.50,20.24,19.73
21219,9,Spelling,R100000194M,9,Spelling,9,19.00,619.00,20.01,20.71,20.07
21219,9,Writing,R100000194M,9,Writing,10,1.00,655.00,20.10,18.70,20.84
21219,9,GrammarAndPunctuation,R100000194M,9,Grammar and Punctuation,8,16.00,601.00,18.06,22.70,22.69
21219,9,Reading,R100000194M,9,Reading,8,32.00,605.00,19.58,20.65,20.40
21219,9,Numeracy,R100000194M,9,Numeracy,8,43.00,605.78,21.84,22.13,22.23
21215,5,Writing,R100000075R,5,Writing,8,1.00,575.00,18.21,22.43,19.55
21215,5,GrammarAndPunctuation,R100000075R,5,Grammar and Punctuation,6,13.00,503.00,20.74,19.18,21.41
21215,5,Reading,R100000075R,5,Reading,6,33.00,535.00,18.64,22.54,22.04
21215,5,Numeracy,R100000075R,5,Numeracy,7,34.00,538.33,20.83,21.81,22.93
21216,3,GrammarAndPunctuation,R100000116S,3,Grammar and Punctuation,5,17.00,417.00,19.55,22.45,22.37
21216,3,Reading,R100000116S,3,Reading,6,30.00,430.38,21.35,21.82,21.92
21216,3,Spelling,R100000116S,3,Spelling,5,17.00,417.00,19.32,18.64,21.47
21213,3,Reading,R100000040D,3,Reading,6,32.00,438.08,20.95,22.31,19.83
21213,3,Numeracy,R100000040D,3,Numeracy,5,25.00,411.15,21.31,21.22,21.16
21213,3,Spelling,R100000040D,3,Spelling,5,16.00,411.00,20.49,20.16,18.29
21220,9,Spelling,R100000205P,9,Spelling,8,17.00,607.00,21.92,19.56,21.91
21220,9,Writing,R100000205P,9,Writing,6,0.00,505.00,20.53,20.44,22.64
21220,9,GrammarAndPunctuation,R100000205P,9,Grammar and Punctuation,8,18.00,613.00,22.40,18.22,22.86
21220,9,Numeracy,R100000205P,9,Numeracy,8,44.00,608.12,20.91,22.32,18.49
21212,5,Writing,R100000009M,5,Writing,8,1.00,575.00,21.15,19.30,20.04
21212,5,GrammarAndPunctuation,R100000009M,5,Grammar and Punctuation,7,20.00,545.00,18.51,20.14,21.06
21212,5,Reading,R100000009M,5,Reading,6,29.00,521.67,18.13,18.90,18.83
21212,5,Numeracy,R100000009M,5,Numeracy,6,24.00,505.00,19.13,18.10,21.07
21220,7,Numeracy,R100000224D,7,Numeracy,8,48.00,587.50,22.87,22.89,18.36
21220,7,Writing,R100000224D,7,Writing,5,0.00,475.00,18.25,19.47,20.88
21220,7,Spelling,R100000224D,7,Spelling,7,17.00,577.00,19.52,19.29,20.55
21220,7,GrammarAndPunctuation,R100000224D,7,Grammar and Punctuation,0,0.00,0.00,20.06,22.75,21.12
21218,9,Writing,R100000172H,9,Writing,10,1.00,655.00,22.07,20.79,20.24
21218,9,GrammarAndPunctuation,R100000172H,9,Grammar and Punctuation,0,0.00,0.00,20.56,21.80,20.69
21218,9,Reading,R100000172H,9,Reading,9,37.00,620.62,22.14,18.30,18.00
21218,9,Numeracy,R100000172H,9,Numeracy,8,34.00,611.25,21.22,20.53,18.61
21215,9,Spelling,R100000092H,9,Spelling,8,18.00,613.00,18.43,22.95,19.37
21215,9,Writing,R100000092H,9,Writing,6,0.00,505.00,19.60,22.17,18.55
21215,9,GrammarAndPunctuation,R100000092H,9,Grammar and Punctuation,8,16.00,601.00,21.49,19.33,21.72
21215,9,Reading,R100000092H,9,Reading,8,35.00,614.38,22.69,22.67,20.57
21215,9,Numeracy,R100000092H,9,Numeracy,9,48.00,617.50,21.24,22.69,18.59
21216,7,Numeracy,R100000123K,7,Numeracy,8,48.00,587.50,18.00,22.05,20.61
21216,7,Spelling,R100000123K,7,Spelling,6,11.00,541.00,20.43,20.88,21.14
21216,7,Reading,R100000123K,7,Reading,7,32.00,575.00,22.22,21.80,18.85
21213,3,Reading,R100000027A,3,Reading,5,26.00,415.00,21.60,20.73,21.57
21213,3,Numeracy,R100000027A,3,Numeracy,5,29.00,426.54,20.72,21.45,20.44
21213,3,Spelling,R100000027A,3,Spelling,5,15.00,405.00,19.65,22.30,19.32
21219,7,Numeracy,R100000195E,7,Numeracy,7,43.00,575.78,18.85,22.99,19.80
21219,7,Writing,R100000195E,7,Writing,9,1.00,625.00,22.06,21.30,22.14
21219,7,Reading,R100000195E,7,Reading,8,38.00,593.75,22.90,18.72,21.37
21219,7,GrammarAndPunctuation,R100000195E,7,Grammar and Punctuation,0,0.00,0.00,18.38,21.20,22.69
21213,3,GrammarAndPunctuation,R100000044E,3,Grammar and Punctuation,5,14.00,399.00,22.17,18.22,19.58
21213,3,Reading,R100000044E,3,Reading,5,26.00,415.00,22.62,21.96,18.09
21213,3,Numeracy,R100000044E,3,Numeracy,5,27.00,418.85,19.69,20.47,21.53
21217,5,Spelling,R100000138E,5,Spelling,6,17.00,527.00,21.30,19.02,21.07
21217,5,Writing,R100000138E,5,Writing,8,1.00,575.00,18.96,20.48,20.16
21217,5,GrammarAndPunctuation,R100000138E,5,Grammar and Punctuation,6,15.00,515.00,18.79,20.16,20.53
21217,5,Reading,R100000138E,5,Reading,6,25.00,508.33,20.72,19.61,19.06
21217,5,Numeracy,R100000138E,5,Numeracy,6,31.00,528.33,22.75,19.38,19.45
21213,3,GrammarAndPunctuation,R100000030H,3,Grammar and Punctuation,6,20.00,435.00,19.32,18.63,18.52
21213,3,Reading,R100000030H,3,Reading,5,29.00,426.54,22.05,21.79,22.72
21213,3,Numeracy,R100000030H,3,Numeracy,6,30.00,430.38,20.40,19.43,18.73
21213,3,Spelling,R100000030H,3,Spelling,6,19.00,429.00,22.72,22.91,19.27
21220,9,Spelling,R100000215S,9,Spelling,8,18.00,613.00,19.98,19.13,20.68
21220,9,Writing,R100000215S,9,Writing,6,0.00,505.00,20.88,18.62,20.66
21220,9,GrammarAndPunctuation,R100000215S,9,Grammar and Punctuation,8,15.00,595.00,21.06,20.66,21.94
21220,9,Reading,R100000215S,9,Reading,9,38.00,623.75,21.30,19.77,22.54
21220,9,Numeracy,R100000215S,9,Numeracy,9,48.00,617.50,22.22,18.95,18.24
21220,7,Numeracy,R100000211A,7,Numeracy,7,31.00,571.88,21.61,21.75,18.86
21220,7,Spelling,R100000211A,7,Spelling,7,16.00,571.00,22.76,21.14,19.42
21220,7,Reading,R100000211A,7,Reading,7,33.00,578.12,19.55,19.44,19.77
21220,7,GrammarAndPunctuation,R100000211A,7,Grammar and Punctuation,7,16.00,571.00,20.97,18.69,18.11
21212,5,Spelling,R100000010G,5,Spelling,6,17.00,527.00,19.53,18.89,18.12
21212,5,Writing,R100000010G,5,Writing,8,1.00,575.00,19.06,18.01,21.11
21212,5,GrammarAndPunctuation,R100000010G,5,Grammar and Punctuation,6,15.00,515.00,19.82,20.67,19.26
21212,5,Reading,R100000010G,5,Reading,7,34.00,538.33,18.54,20.20,22.23
21212,5,Numeracy,R100000010G,5,Numeracy,6,28.00,518.33,20.12,22.70,19.27
21217,9,Writing,R100000127M,9,Writing,10,1.00,655.00,20.43,21.12,21.20
21217,9,GrammarAndPunctuation,R100000127M,9,Grammar and Punctuation,8,13.00,583.00,22.02,22.73,19.07
21217,9,Reading,R100000127M,9,Reading,8,34.00,611.25,19.04,18.75,22.03
21217,9,Numeracy,R100000127M,9,Numeracy,8,45.00,610.47,22.43,21.01,21.83
21212,3,Reading,R100000002D,3,Reading,5,28.00,422.69,19.24,20.50,21.11
21212,3,Numeracy,R100000002D,3,Numeracy,5,29.00,426.54,21.34,18.32,22.33
21212,3,Spelling,R100000002D,3,Spelling,5,18.00,423.00,21.16,22.31,20.44
21214,5,Spelling,R100000074P,5,Spelling,6,17.00,527.00,22.63,22.96,21.94
21214,5,Writing,R100000074P,5,Writing,8,1.00,575.00,22.99,18.11,21.52
21214,5,GrammarAndPunctuation,R100000074P,5,Grammar and Punctuation,7,21.00,551.00,19.72,22.49,19.06
21214,5,Reading,R100000074P,5,Reading,7,39.00,555.00,22.25,22.22,20.61
21214,5,Numeracy,R100000074P,5,Numeracy,6,31.00,528.33,19.88,21.91,21.17
21214,3,Reading,R100000054H,3,Reading,5,23.00,403.46,21.50,22.39,20.83
21214,3,Numeracy,R100000054H,3,Numeracy,5,26.00,415.00,21.00,18.17,19.43
21214,3,Spelling,R100000054H,3,Spelling,5,18.00,423.00,21.91,20.80,20.98
21219,7,Numeracy,R100000175K,7,Numeracy,7,44.00,578.12,20.00,19.31,21.84
21219,7,Writing,R100000175K,7,Writing,5,0.00,475.00,19.67,21.12,18.81
21219,7,Spelling,R100000175K,7,Spelling,8,21.00,601.00,19.42,18.64,18.67
21219,7,GrammarAndPunctuation,R100000175K,7,Grammar and Punctuation,7,16.00,571.00,18.61,18.25,18.12
21212,5,Spelling,R100000005G,5,Spelling,6,13.00,503.00,20.74,22.83,18.71
21212,5,Writing,R100000005G,5,Writing,8,1.00,575.00,22.40,20.23,18.48
21212,5,GrammarAndPunctuation,R100000005G,5,Grammar and Punctuation,7,19.00,539.00,22.41,20.35,19.52
21212,5,Reading,R100000005G,5,Reading,6,30.00,525.00,19.85,20.56,20.95
21212,5,Numeracy,R100000005G,5,Numeracy,6,32.00,531.67,18.35,21.34,18.75
21215,9,Spelling,R100000099R,9,Spelling,9,19.00,619.00,18.26,20.51,19.82
21215,9,Writing,R100000099R,9,Writing,6,0.00,505.00,20.23,20.67,18.85
21215,9,GrammarAndPunctuation,R100000099R,9,Grammar and Punctuation,0,0.00,0.00,19.13,20.68,20.03
21215,9,Numeracy,R100000099R,9,Numeracy,8,47.00,615.16,22.34,18.82,19.22
21215,9,Spelling,R100000083D,9,Spelling,8,18.00,613.00,21.96,20.56,22.11
21215,9,Writing,R100000083D,9,Writing,6,0.00,505.00,20.57,20.24,19.24
21215,9,GrammarAndPunctuation,R100000083D,9,Grammar and Punctuation,9,20.00,625.00,22.60,19.43,20.05
21215,9,Reading,R100000083D,9,Reading,8,29.00,595.62,18.18,21.15,18.92
21215,9,Numeracy,R100000083D,9,Numeracy,8,42.00,603.44,18.09,21.45,22.55
21214,5,Spelling,R100000060S,5,Spelling,7,19.00,539.00,18.33,21.01,20.78
21214,5,Writing,R100000060S,5,Writing,8,1.00,575.00,20.83,18.08,22.97
21214,5,GrammarAndPunctuation,R100000060S,5,Grammar and Punctuation,7,22.00,557.00,19.29,18.28,18.80
21214,5,Reading,R100000060S,5,Reading,7,35.00,541.67,18.82,21.69,21.20
21214,5,Numeracy,R100000060S,5,Numeracy,6,32.00,531.67,21.20,19.80,21.94
21212,5,Spelling,R100000006H,5,Spelling,7,21.00,551.00,20.51,19.29,22.43
21212,5,Writing,R100000006H,5,Writing,8,1.00,575.00,22.57,20.72,20.80
21212,5,GrammarAndPunctuation,R100000006H,5,Grammar and Punctuation,6,16.00,521.00,18.85,22.00,18.12
21212,5,Reading,R100000006H,5,Reading,6,28.00,518.33,22.73,20.59,22.16
21212,5,Numeracy,R100000006H,5,Numeracy,7,35.00,541.67,23.00,20.57,18.79
21213,3,GrammarAndPunctuation,R100000037R,3,Grammar and Punctuation,5,16.00,411.00,22.42,18.19,20.17
21213,3,Reading,R100000037R,3,Reading,5,28.00,422.69,19.34,19.08,20.02
21213,3,Numeracy,R100000037R,3,Numeracy,6,30.00,430.38,18.51,21.59,20.16
21213,3,Spelling,R100000037R,3,Spelling,6,20.00,435.00,22.63,19.21,21.02
21213,5,Spelling,R100000028M,5,Spelling,6,16.00,521.00,19.91,21.89,20.32
21213,5,Writing,R100000028M,5,Writing,8,1.00,575.00,19.60,22.84,19.73
21213,5,GrammarAndPunctuation,R100000028M,5,Grammar and Punctuation,7,21.00,551.00,21.71,19.76,21.02
21213,5,Reading,R100000028M,5,Reading,6,32.00,531.67,19.85,21.17,18.83
21214,3,GrammarAndPunctuation,R100000062K,3,Grammar and Punctuation,6,20.00,435.00,22.52,20.76,20.31
21214,3,Reading,R100000062K,3,Reading,5,27.00,418.85,18.59,18.17,18.54
21214,3,Spelling,R100000062K,3,Spelling,5,17.00,417.00,21.00,21.80,20.82
21219,9,Spelling,R100000190G,9,Spelling,8,14.00,589.00,20.41,20.60,22.34
21219,9,Writing,R100000190G,9,Writing,6,0.00,505.00,21.31,19.46,21.71
21219,9,GrammarAndPunctuation,R100000190G,9,Grammar and Punctuation,9,19.00,619.00,20.68,19.22,20.07
21219,9,Reading,R100000190G,9,Reading,9,39.00,626.88,22.79,19.54,20.54
21219,9,Numeracy,R100000190G,9,Numeracy,8,31.00,601.88,20.99,21.28,19.66
21220,9,Spelling,R100000209H,9,Spelling,8,15.00,595.00,22.45,21.04,18.21
21220,9,Writing,R100000209H,9,Writing,10,1.00,655.00,21.16,22.05,22.78
21220,9,GrammarAndPunctuation,R100000209H,9,Grammar and Punctuation,8,17.00,607.00,21.43,21.90,21.43
21220,9,Reading,R100000209H,9,Reading,8,31.00,601.88,20.63,20.49,18.81
21218,7,Numeracy,R100000160R,7,Numeracy,8,37.00,590.62,18.17,20.40,21.89
21218,7,Writing,R100000160R,7,Writing,9,1.00,625.00,20.16,22.33,18.86
21218,7,Spelling,R100000160R,7,Spelling,7,13.00,553.00,20.19,19.16,19.15
21218,7,Reading,R100000160R,7,Reading,8,38.00,593.75,22.01,19.38,18.11
21218,7,GrammarAndPunctuation,R100000160R,7,Grammar and Punctuation,7,16.00,571.00,20.89,20.32,21.98
